Nama Produk,SKU / Kode Produk,Barcode,Kategori,Satuan Dasar,Merk / Brand,Lokasi / Rak,Hitung Stok (ya/tidak),Harga Modal / Beli,Harga Jual Eceran,Harga Jual Grosir,Harga Jual Promo,Diskon per Item (Rp),Stok di Rak / Display,Stok di Gudang,Stok Minimum,Stok Minimum Gudang,Satuan Beli dari Supplier,Isi per Satuan Beli,Satuan Jual Besar,Produk Master (ID),Qty Isi per Paket,Jenis Isi Paket,Satuan Isi Paket,HPP (AVCO),Total Aset,Harga Besar
(BELI 3 GRATIS 1) LAMPU LUBY EYESENTIAL 12W,MLUBEL03,MLUBEL03,Rumah tangga,PCS,LUBY,Area 04,tidak,49914,85000,0,0,0,0,0,5,,,1,,,,,,0,0,
(BELI 3 GRATIS 1) LAMPU LUBY EYESENTIAL 15W,MLUBEL04,MLUBEL04,Rumah tangga,PCS,LUBY,Area 04,tidak,61005,100000,0,0,0,0,0,5,,,1,,,,,,0,0,
(BELI 3 GRATIS 1) LAMPU LUBY EYESENTIAL 5W,MLUBEL01,MLUBEL01,Rumah tangga,PCS,LUBY,Area 04,tidak,31796,55000,0,0,0,0,0,5,,,1,,,,,,0,0,
(BELI 3 GRATIS 1) LAMPU LUBY EYESENTIAL 9W,MLUBEL02,MLUBEL02,Rumah tangga,PCS,LUBY,Area 04,tidak,43444,75000,0,0,0,0,0,5,,,1,,,,,,0,0,
DOWNLIGHT LUBY 207 11W 3 WARNA,MLUDOW06,MLUDOW06,Rumah tangga,PCS,LUBY,Area 04,tidak,87503,130000,0,0,0,0,0,5,,,1,,,,,,0,0,
"DOWNLIGHT LUBY 207 3,5W",MLUDOW05,MLUDOW05,Rumah tangga,PCS,LUBY,Area 04,tidak,40054,60000,0,0,0,0,0,5,,,1,,,,,,0,0,
DOWNLIGHT LUBY 301 BULAT 12 W,MLUDOW03,MLUDOW03,Rumah tangga,PCS,LUBY,Area 04,tidak,59156,90000,0,0,0,0,0,5,,,1,,,,,,0,0,
DOWNLIGHT LUBY 301 BULAT 9W,MLUDOW01,MLUDOW01,Rumah tangga,PCS,LUBY,Area 04,tidak,44675,60000,0,0,0,0,0,5,,,1,,,,,,0,0,
DOWNLIGHT LUBY 302 KOTAK 12 W,MLUDOW04,MLUDOW04,Rumah tangga,PCS,LUBY,Area 04,tidak,48373,190000,0,0,0,0,0,5,,,1,,,,,,0,0,
DOWNLIGHT LUBY 302 KOTAK 9W,MLUDOW02,MLUDOW02,Rumah tangga,PCS,LUBY,Area 04,tidak,62854,73000,0,0,0,0,0,5,,,1,,,,,,0,0,
FLOODLIGHT LUBY 503 100W,MLUFLO06,MLUFLO06,Rumah tangga,PCS,LUBY,Area 04,tidak,147892,216000,0,0,0,0,0,5,,,1,,,,,,0,0,
FLOODLIGHT LUBY 503 10W,MLUFLO02,MLUFLO02,Rumah tangga,PCS,LUBY,Area 04,tidak,40732,52000,0,0,0,0,0,5,,,1,,,,,,0,0,
FLOODLIGHT LUBY 503 20W,MLUFLO03,MLUFLO03,Rumah tangga,PCS,LUBY,Area 04,tidak,46217,71000,0,0,0,0,0,5,,,1,,,,,,0,0,
FLOODLIGHT LUBY 503 30W,MLUFLO04,MLUFLO04,Rumah tangga,PCS,LUBY,Area 04,tidak,62854,92000,0,0,0,0,0,5,,,1,,,,,,0,0,
FLOODLIGHT LUBY 503 50W,MLUFLO05,MLUFLO05,Rumah tangga,PCS,LUBY,Area 04,tidak,89352,131000,0,0,0,0,0,5,,,1,,,,,,0,0,
FLOODLIGHT LUBY 701 50W,MLUFLO01,MLUFLO01,Rumah tangga,PCS,LUBY,Area 04,tidak,206433,310000,0,0,0,0,0,5,,,1,,,,,,0,0,
LAMPU LUBY CAPSULE 10W 6500K,MLULAM14,MLULAM14,Rumah tangga,PCS,LUBY,Area 04,tidak,14173,35000,0,0,0,0,0,5,,,1,,,,,,0,0,
LAMPU LUBY CAPSULE 14W 6500K,MLULAM15,MLULAM15,Rumah tangga,PCS,LUBY,Area 04,tidak,18179,40000,0,0,0,0,0,5,,,1,,,,,,0,0,
LAMPU LUBY CAPSULE 18W 6500K,MLULAM16,MLULAM16,Rumah tangga,PCS,LUBY,Area 04,tidak,22800,45000,0,0,0,0,0,5,,,1,,,,,,0,0,
LAMPU LUBY CAPSULE 28W 6500K,MLULAM17,MLULAM17,Rumah tangga,PCS,LUBY,Area 04,tidak,33276,57000,0,0,0,0,0,5,,,1,,,,,,0,0,
LAMPU LUBY CAPSULE 38W 6500K,MLULAM18,MLULAM18,Rumah tangga,PCS,LUBY,Area 04,tidak,47448,75000,0,0,0,0,0,5,,,1,,,,,,0,0,
LAMPU LUBY CAPSULE 45W 6500K,MLULAM19,MLULAM19,Rumah tangga,PCS,LUBY,Area 04,tidak,59465,90000,0,0,0,0,0,5,,,1,,,,,,0,0,
LAMPU LUBY CAPSULE 50W 6500K,MLULAM20,MLULAM20,Rumah tangga,PCS,LUBY,Area 04,tidak,67784,105000,0,0,0,0,0,5,,,1,,,,,,0,0,
LAMPU LUBY CAPSULE 5W 6500K,MLULAM13,MLULAM13,Rumah tangga,PCS,LUBY,Area 04,tidak,10475,29000,0,0,0,0,0,5,,,1,,,,,,0,0,
LAMPU LUBY CLASSIC 12W 6500K,MLULAM24,MLULAM24,Rumah tangga,PCS,LUBY,Area 04,tidak,16638,28000,0,0,0,0,0,5,,,1,,,,,,0,0,
LAMPU LUBY CLASSIC 15W 6500K,MLULAM25,MLULAM25,Rumah tangga,PCS,LUBY,Area 04,tidak,20335,35000,0,0,0,0,0,5,,,1,,,,,,0,0,
LAMPU LUBY CLASSIC 18W 6500K,MLULAM26,MLULAM26,Rumah tangga,PCS,LUBY,Area 04,tidak,24341,42000,0,0,0,0,0,5,,,1,,,,,,0,0,
LAMPU LUBY CLASSIC 24W 6500K,MLULAM27,MLULAM27,Rumah tangga,PCS,LUBY,Area 04,tidak,38206,66000,0,0,0,0,0,5,,,1,,,,,,0,0,
LAMPU LUBY CLASSIC 30W 6500K,MLULAM28,MLULAM28,Rumah tangga,PCS,LUBY,Area 04,tidak,51762,86000,0,0,0,0,0,5,,,1,,,,,,0,0,
LAMPU LUBY CLASSIC 40W 6500K,MLULAM29,MLULAM29,Rumah tangga,PCS,LUBY,Area 04,tidak,70865,115000,0,0,0,0,0,5,,,1,,,,,,0,0,
LAMPU LUBY CLASSIC 50W 6500K,MLULAM30,MLULAM30,Rumah tangga,PCS,LUBY,Area 04,tidak,104757,160000,0,0,0,0,0,5,,,1,,,,,,0,0,
LAMPU LUBY CLASSIC 5W 6500K,MLULAM21,MLULAM21,Rumah tangga,PCS,LUBY,Area 04,tidak,10601,18000,0,0,0,0,0,5,,,1,,,,,,0,0,
LAMPU LUBY CLASSIC 7W 6500K,MLULAM22,MLULAM22,Rumah tangga,PCS,LUBY,Area 04,tidak,12941,22000,0,0,0,0,0,5,,,1,,,,,,0,0,
LAMPU LUBY CLASSIC 9W 6500K,MLULAM23,MLULAM23,Rumah tangga,PCS,LUBY,Area 04,tidak,14481,26000,0,0,0,0,0,5,,,1,,,,,,0,0,
LAMPU LUBY NEW ALADDIN 10W 6500K,MLULAM03,MLULAM03,Rumah tangga,PCS,LUBY,Area 04,tidak,48681,80000,0,0,0,0,0,5,,,1,,,,,,0,0,
LAMPU LUBY NEW ALADDIN 12W,MLULAM04,MLULAM04,Rumah tangga,PCS,LUBY,Area 04,tidak,55459,95000,0,0,0,0,0,5,,,1,,,,,,0,0,
LAMPU LUBY NEW ALADDIN 16W,MLULAM05,MLULAM05,Rumah tangga,PCS,LUBY,Area 04,tidak,66551,105000,0,0,0,0,0,5,,,1,,,,,,0,0,
LAMPU LUBY NEW ALADDIN 28W,MLULAM06,MLULAM06,Rumah tangga,PCS,LUBY,Area 04,tidak,95514,155000,0,0,0,0,0,5,,,1,,,,,,0,0,
LAMPU LUBY NEW ALADDIN 6W 6500K,MLULAM01,MLULAM01,Rumah tangga,PCS,LUBY,Area 04,tidak,37589,60000,0,0,0,0,0,5,,,1,,,,,,0,0,
LAMPU LUBY NEW ALADDIN 8W 6500K,MLULAM02,MLULAM02,Rumah tangga,PCS,LUBY,Area 04,tidak,42519,70000,0,0,0,0,0,5,,,1,,,,,,0,0,
LAMPU LUBY SUMO 12W,MLULAM07,MLULAM07,Rumah tangga,PCS,LUBY,Area 04,tidak,11893,21000,0,0,0,0,0,5,,,1,,,,,,0,0,
LAMPU LUBY SUMO 16W,MLULAM08,MLULAM08,Rumah tangga,PCS,LUBY,Area 04,tidak,15282,27000,0,0,0,0,0,5,,,1,,,,,,0,0,
LAMPU LUBY SUMO 22W,MLULAM09,MLULAM09,Rumah tangga,PCS,LUBY,Area 04,tidak,19411,33000,0,0,0,0,0,5,,,1,,,,,,0,0,
LAMPU LUBY SUMO 30W,MLULAM10,MLULAM10,Rumah tangga,PCS,LUBY,Area 04,tidak,27114,46000,0,0,0,0,0,5,,,1,,,,,,0,0,
LAMPU LUBY SUMO 40W,MLULAM11,MLULAM11,Rumah tangga,PCS,LUBY,Area 04,tidak,37959,65000,0,0,0,0,0,5,,,1,,,,,,0,0,
LAMPU LUBY SUMO 48W,MLULAM12,MLULAM12,Rumah tangga,PCS,LUBY,Area 04,tidak,46586,80000,0,0,0,0,0,5,,,1,,,,,,0,0,
SENTER LUBY 2673,MLUSEN09,MLUSEN09,Rumah tangga,PCS,LUBY,Area 04,tidak,94500,115000,0,0,0,0,0,5,,,1,,,,,,0,0,
SENTER LUBY 2675 B,MLUSEN08,MLUSEN08,Rumah tangga,PCS,LUBY,Area 04,tidak,79300,100000,0,0,0,0,0,5,,,1,,,,,,0,0,
SENTER LUBY 2871,MLUSEN01,MLUSEN01,Rumah tangga,PCS,LUBY,Area 04,tidak,35500,48000,0,0,0,0,0,5,,,1,,,,,,0,0,
SENTER LUBY 2879 PUTIH,MLUSEN03,MLUSEN03,Rumah tangga,PCS,LUBY,Area 04,tidak,94900,120000,0,0,0,0,0,5,,,1,,,,,,0,0,
SENTER LUBY 2880 KUNING,MLUSEN04,MLUSEN04,Rumah tangga,PCS,LUBY,Area 04,tidak,93900,115000,0,0,0,0,0,5,,,1,,,,,,0,0,
SENTER LUBY 2883 PUTIH,MLUSEN02,MLUSEN02,Rumah tangga,PCS,LUBY,Area 04,tidak,44900,60000,0,0,0,0,0,5,,,1,,,,,,0,0,
SENTER LUBY 2911 PUTIH,MLUSEN05,MLUSEN05,Rumah tangga,PCS,LUBY,Area 04,tidak,83700,105000,0,0,0,0,0,5,,,1,,,,,,0,0,
SENTER LUBY 770 C,MLUSEN10,MLUSEN10,Rumah tangga,PCS,LUBY,Area 04,tidak,109900,140000,0,0,0,0,0,5,,,1,,,,,,0,0,
SENTER LUBY 8908,MLUSEN07,MLUSEN07,Rumah tangga,PCS,LUBY,Area 04,tidak,25400,32000,0,0,0,0,0,5,,,1,,,,,,0,0,
SENTER LUBY 8916 A,MLUSEN06,MLUSEN06,Rumah tangga,PCS,LUBY,Area 04,tidak,34300,43000,0,0,0,0,0,5,,,1,,,,,,0,0,
SPOTLIGHT LUBY 5301 10W,MLUSPO02,MLUSPO02,Rumah tangga,PCS,LUBY,Area 04,tidak,123243,186000,0,0,0,0,0,5,,,1,,,,,,0,0,
SPOTLIGHT LUBY 5301 5W,MLUSPO01,MLUSPO01,Rumah tangga,PCS,LUBY,Area 04,tidak,98594,150000,0,0,0,0,0,5,,,1,,,,,,0,0
