id,kd_brg,barcode,nama,merk,satuan,kd_supp,modal,barcode image
1,0BB TESTJM,0BB TESTJM,OBENG TESTPEN 2 WAY JUMBO,HIOSHI,PCS,KBB,4963.75,
2,AGR BT1/2,AGR BT1/2,"AUGERBITS 1/2"" (13 MM) HIOSHI",HIOSHI,PCS,KBB,12825,
3,AGR BT1/4,AGR BT1/4,"AUGERBITS 1/4"" (6MM) HIOSHI",HIOSHI,PCS,KBB,7671.25,
4,AGR BT3/4,AGR BT3/4,"AUGERBITS 3/4"" (19MM) HIOSHI",HIOSHI,PCS,KBB,20757.5,
5,AGR BT3/8,AGR BT3/8,"AUGERBITS 3/8"" (10MM) HIOSHI",HIOSHI,PCS,KBB,9262.5,
6,AGR BT5/16,AGR BT5/16,AUGERBITS 5/16 (8MM) HIOSHI,HIOSHI,PCS,KBB,8193.75,
7,AGR BT5/8,AGR BT5/8,"AUGERBITS 5/8"" (16MM) HIOSHI",HIOSHI,PCS,KBB,16743.75,
8,AMP BLT 120,AMP BLT 120,AMPLAS BULAT 120 SAB,SAB,PCS,SUARI,320,
9,AMP BLT 150,AMP BLT 150,AMPLAS BULAT 150 SAB,SAB,PCS,SUARI,320,
10,AMP BLT 400,AMP BLT 400,AMPLAS BULAT 400 SAB,SAB,PCS,SUARI,325,
11,AMP BLT 60,AMP BLT 60,AMPLAS BULAT 60 SAB,SAB,PCS,SMS,320,
12,AMP BLT 80,AMP BLT 80,AMPLAS BULAT 80 SAB-XX,SAB,PCS,SUARI,270,
13,AMP DC IGM150,AMP DC IGM150,AMPLAS DUCO IGM 150,IGM,PCS,HIK,1150,
14,AMP DC IGM1500,AMP DC IGM1500,AMPLAS DUCO IGM 1500,IGM,PCS,HIK,1150,
15,AMP DC IGM2000,AMP DC IGM2000,AMPLAS DUCO IGM 2000,IGM,PCS,HIK,1150,
16,AMP DC IGM400,AMP DC IGM400,AMPLAS DUCO IGM 400,IGM,PCS,HIK,1150,
17,AMP DC IGM600,AMP DC IGM600,AMPLAS DUCO IGM 600,IGM,PCS,HIK,1150,
18,AMP DCTY 1000,AMP DCTY 1000,AMPLAS DUCO TAIYO 1000,TAIYO,PCS,SUARI,1175,
19,AMP DCTY 2000,AMP DCTY 2000,AMPLAS DUCO TAIYO 2000,TAIYO,PCS,SUARI,1175,
20,AMP DCTY 240,AMP DCTY 240,AMPLAS DUCO TAIYO 240,TAIYO,PCS,SUARI,1175,
21,AMP DCTY 280,AMP DCTY 280,AMPLAS DUCO TAIYO 280,TAIYO,PCS,SUARI,1175,
22,AMP DCTY 400,AMP DCTY 400,AMPLAS DUCO TAIYO 400,TAIYO,PCS,SUARI,1275,
23,AMP DCTY 60,AMP DCTY 60,AMPLAS DUCO TAIYO 60,TAIYO,PCS,SUARI,1175,
24,AMP RL 120 GM,AMP RL 120 GM,AMPLAS ROLL 120 GOMEO,GOMEO,ROL,NIB,190000,
25,AMP RL 60 GM,AMP RL 60 GM,AMPLAS ROLL 60 GOMEO,GOMEO,ROL,NIB,180000,
26,AMP RLKD 120,AMP RLKD 120,AMPLAS ROLL KODAI 120,KODAI,ROL,SUARI,140000,
27,AMP RLKD 150,AMP RLKD 150,AMPLAS ROLL KODAI 150,KODAI,ROL,SUARI,140000,
28,AMP RLKD 240,AMP RLKD 240,AMPLAS ROLL KODAI 240,KODAI,ROL,SUARI,140000,
29,AMP RLKD 400,AMP RLKD 400,AMPLAS ROLL KODAI 400,KODAI,ROL,SUARI,140000,
30,AMP RLKD 80,AMP RLKD 80,AMPLAS ROLL KODAI 80,KODAI,ROL,SUARI,140000,
31,AMP RLTY 100,AMP RLTY 100,AMPLAS ROLL TAIYO 100,TAIYO,ROL,SUARI,205000,
32,AMP RLTY 120,AMP RLTY 120,AMPLAS ROLL TAIYO 120,TAIYO,ROL,SUARI,210000,
33,AMP RLTY 150,AMP RLTY 150,AMPLAS ROLL TAIYO 150,TAIYO,PCS,SUARI,205000,
34,AMP RLTY 180,AMP RLTY 180,AMPLAS ROLL TAIYO 180,TAIYO,ROL,SUARI,205000,
35,AMP RLTY 400,AMP RLTY 400,AMPLAS ROLL TAIYO 400,TAIYO,ROL,SUARI,205000,
36,ARM 2100 JIZ10,ARM 2100 JIZ10,ARM BOR M2100B/JIZ10,MODERN,PCS,GMM,58295,
37,ARM 2300B SIM100,ARM 2300B SIM100,ARM GRINDA M2300B/SIM100,MODERN,PCS,GMM,58295,
38,ARM 2350B,ARM 2350B,ARM GRINDA M2350B,MODERN,PCS,GMM,67450,
39,ARM 2600,ARM 2600,ARM CIRCULAR M2600L,MODERN,PCS,GMM,107955,
40,ARM 2750,ARM 2750,ARMATURE TRIMMER M2750,MODERN,PCS,GMM,74273,
41,ARM M2100 JIZ10B,ARM M2100 JIZ10B,ARMATURE DRILL M-2100B/JIZ-10B,MODERN,PCS,GMM,75050,
42,ARM PLANNER,ARM PLANNER,ARMATURE PLANNER M2900,MODERN,PCS,GMM,74100,
43,ARM TRIMMER,ARM TRIMMER,ARMATURE TRIMMER M2700,MODERN,PCS,GMM,92150,
44,BAKCAT ELGN,BAKCAT ELGN,BAK CAT HITAM ELEGANT,ELEGANT,PCS,NIB,47500,
45,BAKCAT RYR,BAKCAT RYR,BAK CAT REYNER,REYNER,LSN,NIB,47500,
46,BAN DLM ARCO,BAN DLM ARCO,BAN DALAM ARTCO,ARTCO,PCS,NIB,20000,
47,BB BSCH 6,BB BSCH 6,BOR BETON BOSCH 6,BOSCH,PCS,RKW,12183.360000000001,
48,BB BSCH 8,BB BSCH 8,BOR BETON BOSCH 8,BOSCH,PCS,RKW,16200,
49,BB GM 6,BB GM 6,"BOR BETON GOMEO 6""",GOMEO,PCS,NIB,2700,
50,BB GM 8,BB GM 8,"BOR BETON GOMEO 8""",GOMEO,PCS,NIB,4200,
51,BB HSS 10,BB HSS 10,BOR BETON 10 HASSTON,HASSTON,PCS,CPI,14355,
52,BB HSS 12,BB HSS 12,BOR BETON 12 HASSTON,HASSTON,PCS,CPI,19525,
53,BB HSS 6,BB HSS 6,BOR BETON 6 HASSTON,HASSTON,PCS,CPI,9130,
54,BB HSS 8,BB HSS 8,BOR BETON 8 HASSTON,HASSTON,PCS,CPI,12760,
55,BB SDS 8,BB SDS 8,BOR BETON SDS 8,,PCS,RKW,25600,
56,BCP50 PLV,BCP50 PLV,BCP 50 PILOV + AFUR,PILOV,SET,SU,70000,
57,BCP50 PRSTL,BCP50 PRSTL,BCP 50 PRESTIL + AFUR,PRESTIL,SET,STS,67500,
58,BCP50 RRT,BCP50 RRT,BCP 50 X 40 RRT,,PCS,SU,57500,
59,BCP60 YZ,BCP60 YZ,"BCP HM 60 X 45 ""YOZURI""",YOZURI,SET,STS,662055,
60,BCP75 PRSTL,BCP75 PRSTL,BCP 75 PRESTIL + AFUR,PRESTIL,SET,STS,79000,
61,BCP75 RRT,BCP75 RRT,BCP 75 X 40 RRT,,PCS,SU,77500,
62,BCP75 YZ,BCP75 YZ,"BCP HM 75 X 40 ""YOZURI""",YOZURI,SET,STS,715000,
63,BCP96 PLV,BCP96 PLV,BCP 96 PILOV + AFUR,PILOV,SET,SU,95000,
64,BCP96 PRSTL,BCP96 PRSTL,BCP 96 PRESTIL + AFUR,PRESTIL,SET,STS,92600,
65,BCP96 RRT,BCP96 RRT,"BCP / WASHBAK 96 X 43 X 0,4",OLIQ,PCS,LGA,93500,
66,BCP96 RRT SU,BCP96 RRT SU,BCP 96 X 43 RRT,,PCS,SU,87500,
67,BDM 16LBS,BDM 16LBS,BODEM / PALU PON ULIR 16 LBS,HIOSHI,PCS,KBB,148200,
68,BDM 18LBS,BDM 18LBS,BODEM / PALU PON ULIR 18 LBS,HIOSHI,PCS,KBB,166725,
69,BDM 20LBS,BDM 20LBS,BODEM / PALU PON ULIR 20 LBS,HIOSHI,PCS,KBB,190000,
70,BDPL 8545SN,BDPL 8545SN,BODY PELOR GOMEO 8545 SN,GOMEO,LSN,NIB,600000,
71,BDPL CLS,BDPL CLS,BODY PELOR CLASSIC,CLASSIC,LSN,HSJ,441800,
72,BDPL ISCO,BDPL ISCO,BODY PELOR ISCO,ISCO,LSN,STD,31000,
73,BDPL ISCO SET,BDPL ISCO SET,BODY PELOR ISCO PER SET,ISCO,SET,STD,31000,
74,BDPL ISCO SS304,BDPL ISCO SS304,BODY PELOR ISCO PLAT SS304,ISCO,SET,STD,34375,
75,BDPL SS7016,BDPL SS7016,BODY PELOR GOMEO SS 7016,GOMEO,PCS,NIB,87500,
76,BHARCO,BHARCO,BAN HIDUP ARTCO / BAN KOMPLIT,ARTCO,PCS,NIB,130000,
77,BL RL KPL,BL RL KPL,"BULU KUAS ROLL KAPAL 4""",,LSN,,7125,
78,BL RL KPL HH,BL RL KPL HH,"BULU KUAS ROLL KAPAL 4""",,LSN,HHH,7125,
79,BLARCO NI,BLARCO,BAN LUAR ARTCO MERAH,ARTCO,PCS,NIB,52500,
80,BOR KNG 10,BOR KNG 10,"BOR KUNING 10"" GOMEO",GOMEO,PCS,NIB,8250,
81,BOR KNG 3,BOR KNG 3,"BOR KUNING 3"" GOMEO",GOMEO,PCS,NIB,1125,
82,BT KNSL,BT KNSL,BATU SLEP KINIK M100X6X16,KINIK,PCS,JCK,6500,
83,BT10HSH,BT10HSH,BETEL TOPI 10 X 16 HIOSHI,HIOSHI,PCS,KBB,17100,
84,BT12HSH,BT12HSH,BETEL TOPI 12 X 16 HIOSHI,HIOSHI,PCS,KBB,20520,
85,BT8HSH,BT8HSH,BETEL TOPI 8 X 16 HIOSHI,HIOSHI,PCS,KBB,13680,
86,BTAS DYK 6,BTAS DYK 6,BATU ASAH DAYAK 6 ABU,DAYAK,PCS,NAS,8750,
87,BTAS DYK 8,BTAS DYK 8,BATU ASAH DAYAK 8 ABU,DAYAK,PCS,NAS,9500,
88,BTAS TCT,BTAS TCT,BATU ASAH TCT HIOSHI,HIOSHI,PCS,KBB,27312.5,
89,BTAS TCT HSS,BTAS TCT HSS,BATU ASAH TCT HASSTON,HASSTON,PCS,CPI,37675,
90,BTGS AWS6,BTGS AWS6,"BATU GOSOK ORANGE AWS 6""",AWS,PCS,NIB,6400,
91,BTGS AWS8,BTGS AWS8,"BATU GOSOK ORANGE AWS 8""",AWS,PCS,NIB,6400,
92,BTGS DMD8,BTGS DMD8,"BATU GOSOK ABU DMD 8""",DIAMOND,PCS,SMSL,6110,
93,BTGS GRT8,BTGS GRT8,"BATU GOSOK PREMIUM GRT 8""",GRT,PCS,SMSL,21150,
94,BTGS YS 6,BTGS YS 6,BATU GOSOK ORANGE ABU 6' YUSTAR,YUSTAR,PCS,HHH,4275,
95,BTGS YS 8,BTGS YS 8,BATU GOSOK ORANGE ABU 8' YUSTAR,YUSTAR,PCS,HHH,4750,
96,BTGS YY6 OR,BTGS YY6 OR,"BATU GOSOK ORANGE YY 6""",YY,PCS,NIB,6900,
97,BTGS YY8 OR,BTGS YY8 OR,"BATU GOSOK ORANGE YY 8""",YY,PCS,NIB,9250,
98,BTJB 10,BTJB 10,BETEL TOPI JUMBO 10' VPR,VPR,LSN,MSM,130000,
99,BTJB 12,BTJB 12,BETEL TOPI JUMBO 12' VPR,VPR,LSN,MSM,150000,
100,BTJB 8,BTJB 8,BETEL TOPI JUMBO 8' VPR,VPR,LSN,MSM,100000,
101,BTPT BOSCH,BTPT BOSCH,BATU POTONG / CUTTING BOSCH,BOSCH,PCS,RKW,1950.27,
102,BTTP 10 RRT,BTTP 10 RRT,BETEL TOPI 10 RRT,,LSN,SU,100000,
103,BTTP 12 RRT,BTTP 12 RRT,BETEL TOPI 12 RRT,,LSN,SU,114000,
104,BTTP 8 RRT,BTTP 8 RRT,BETEL TOPI 8 RRT,,LSN,SU,76000,
105,BTTP RRT10,BTTP RRT10,BETEL TOPI RRT (FAWI) 10,FAWI,LSN,HIK,97500,
106,BTTP RRT10 TK,BTTP RRT10 TK,BETEL TOPI RRT 10 TOKIO,TOKIO,LSN,NAS,77600,
107,BTTP RRT12,BTTP RRT12,BETEL TOPI RRT (FAWI) 12,FAWI,LSN,HIK,106363.64,
108,BTTP RRT12 TK,BTTP RRT12 TK,BETEL TOPI RRT 12 TOKIO,TOKIO,LSN,NAS,87300,
109,BTTP RRT8,BTTP RRT8,BETEL TOPI RRT (FAWI) 8,FAWI,LSN,HIK,70909.089999999997,
110,BTTP RRT8 TK,BTTP RRT8 TK,BETEL TOPI RRT 8 TOKIO,TOKIO,LSN,NAS,73720,
111,BV PRO1/2,BV PRO1/2,BALL VALVE PRO 1/2' (FULL KUNINGAN),HIOSHI,PCS,KBB,22562.5,
112,BV PRO3/4,BV PRO3/4,BALL VALVE PRO 3/4' (FULL KUNINGAN),HIOSHI,PCS,KBB,27312.5,
113,CB 100,CB 100,CARBON BRUSH CB-100,MODERN,PCS,MT,1700,
114,CB 21,CB 21,CARBON BRUSH CB-21,MODERN,PCS,MT,1700,
115,CB 411,CB 411,CARBON BRUSH CB-411,MODERN,PCS,MT,1700,
116,CB 51,CB 51,CARBON BRUSH CB-51,MODERN,BOX,MDT,1250,
117,CB 64,CB 64,CARBON BRUSH CB-64,MODERN,PCS,MT,1250,
118,CB TIES HTM100,CB TIES HTM100,CABLE TIES HITAM 100,HASSTON,PAK,CPI,3960,
119,CB TIES HTM150,CB TIES HTM150,CABLE TIES HITAM 150,HASSTON,PAK,CPI,5390,
120,CB TIES HTM200,CB TIES HTM200,CABLE TIES HITAM 200,HASSTON,PAK,CPI,12210,
121,CB TIES HTM250,CB TIES HTM250,CABLE TIES HITAM 250,HASSTON,PAK,CPI,18590,
122,CB TIES HTM300,CB TIES HTM300,CABLE TIES HITAM 300,HASSTON,PAK,CPI,22605,
123,CB TIES PTH100,CB TIES PTH100,CABLE TIES PUTIH 100,HASSTON,PAK,CPI,23760,
124,CB TIES PTH150,CB TIES PTH150,CABLE TIES PUTIH 150,HASSTON,PAK,CPI,5390,
125,CB TIES PTH200,CB TIES PTH200,CABLE TIES PUTIH 200,HASSTON,PAK,CPI,12210,
126,CB TIES PTH250,CB TIES PTH250,CABLE TIES PUTIH 250,HASSTON,PAK,CPI,19525,
127,CB TIES PTH300,CB TIES PTH300,CABLE TIES PUTIH 300,HASSTON,PAK,CPI,21474.75,
128,CB TIES PTH500,CB TIES PTH500,CABLE TIES PUTIH 500,VEGAZ,PAK,VJP,38000,
129,CHAINSAW 12,CHAINSAW 12,"MESIN CHAIN SAW 12"" GRINDA MODERN",MODERN,PCS,MT,110000,
130,CIRCLE M2600L,CIRCLE M2600L,MESIN CIRCULARSAW M2600L,MODERN,PCS,GMM,506825,
131,CIRCULARSAW SM10,CIRCULARSAW SM10,"MESIN CIRCULAR SAW SM10""X40T ESSEN",ESSEN,PCS,MT,87200,
132,CT FK9,CT FK9,CATUT / TANG KAKATUA 9 FUKUDA,FUKUDA,PCS,SU,23000,
133,CT HD9,CT HD9,CATUT / TANG KAKATUA HD 9,HIOSHI,LSN,KBB,276000,
134,CT HIOSHI 9,CT HIOSHI 9,CATUT HIOSHI 9,HIOSHI,PCS,KBB,24937.5,
135,CTK HB 10,CTK HB 10,CETOK HEBEL 10 CM HIOSHI,HIOSHI,PCS,KBB,21631.5,
136,CTK KR GLX,CTK KR GLX,CETOK KORALTEX GLX,GLX,LSN,GSS,122000,
137,CTK KRTEX,CTK KRTEX,TROWEL KAYU SEGI ( CETOK KORALTEX),HIOSHI,LSN,KBB,213750,
138,CTK KY BLT,CTK KY BLT,CETOK KAYU BULAT HIOSHI,HIOSHI,LSN,KBB,161500,
139,CTK LNCP,CTK LNCP,TROWEL KAYU LANCIP,HIOSHI,LSN,KBB,228000,
140,CTK LNCP 6,CTK LNCP 6,CETOK LANCIP 6' HIOSHI,HIOSHI,LSN,KBB,156750,
141,CTK LNCP 7,CTK LNCP 7,CETOK LANCIP 7' HIOSHI,HIOSHI,LSN,KBB,166250,
142,CUTWD 14,CUTWD 14,"CUTTING WHEEL 14""",WD,PCS,WDS,30839.130000000001,
143,CUTWD 4,CUTWD 4,"CUTTING WHEEL 4"" (WD)",WD,PCS,WDS,2581.4299999999998,
144,DB TAPE,DB TAPE,DOUBLETAPE,,ROL,STS,2755,
145,DMD BSCH ECO,DMD BSCH ECO,DIAMOND DISC STANDARD ECO KERING,BOSCH,PCS,ACP,29730,
146,DMD BSH STD,DMD BSH STD,DIAMOND DISC STANDARD HIJAU BASAH,BOSCH,PCS,ACP,29730,
147,DMD TR MAX,DMD TR MAX,DIAMOND WHEEL TURBO MAXTECH,MAXTECH,PCS,STD,38500,
148,DMD WH GM,DMD WH GM,DIAMOND WHEEL GOMEO,GOMEO,PCS,NIB,10000,
149,DMD WH TRGM,DMD WH TRGM,DIAMOND WHEEL TURBO GOMEO,GOMEO,PCS,NIB,20500,
150,DMD WH01,DMD WH01,DIAMOND DISC TURBO (BOSCH),BOSCH,PCS,ACP,45066,
151,DONGKRAK,DONGKRAK,DONGKRAK BUAYA 2T 5.5 KG PLASTIC,,PCS,SMT,275000,
152,DS007,DS007,DOOR STOP 007 / MAGNET PINTU DOLPHIN,DOLPHIN,PCS,BI,9818.1800000000003,
153,ENG DPH3,ENG DPH3,ENGSEL DOLPHIN 3' BESI,DOLPHIN,LSN,BI,160000,
154,ENG DPH4,ENG DPH4,ENGSEL DOLPHIN 4' BESI,DOLPHIN,LSN,BI,210000,
155,ENG DPH5,ENG DPH5,ENGSEL DOLPHIN 5' BESI,DOLPHIN,LSN,BI,220000,
156,ENG DPHSS3,ENG DPHSS3,ENGSEL DOLPHIN SS 3',DOLPHIN,LSN,BI,180000,
157,ENG DPHSS4,ENG DPHSS4,ENGSEL DOLPHIN SS 4',DOLPHIN,LSN,BI,254545.45000000001,
158,ENG DPHSS5,ENG DPHSS5,ENGSEL DOLPHIN SS 5',DOLPHIN,LSN,BI,334545.45000000001,
159,ENG GDO3SN,ENG GDO3SN,ENGSEL GDO 3 SN,GDO,LSN,BI,90909.100000000006,
160,ENG GDO4SN,ENG GDO4SN,ENGSEL GDO 4 SN,GDO,LSN,BI,135000,
161,ENG GM 3BLK,ENG GM 3BLK,ENGSEL GOMEO 3' BLACK,GOMEO,LSN,NIB,95000,
162,ENG GM 4BLK,ENG GM 4BLK,ENGSEL GOMEO 4' BLACK,GOMEO,LSN,NIB,137500,
163,ENG GM 5BLK,ENG GM 5BLK,ENGSEL GOMEO 5' BLACK,GOMEO,LSN,NIB,165000,
164,ENG GM3GP,ENG GM3GP,ENGSEL GOMEO 3' GP,GOMEO,LSN,NIB,102500,
165,ENG GM3SN,ENG GM3SN,ENGSEL GOMEO 3' SN,GOMEO,LSN,NIB,107500,
166,ENG GM4GP,ENG GM4GP,ENGSEL GOMEO 4' GP,GOMEO,LSN,NIB,147500,
167,ENG GM4SN,ENG GM4SN,ENGSEL GOMEO 4' SN,GOMEO,LSN,NIB,157500,
168,ENG GM5GP,ENG GM5GP,ENGSEL GOMEO 5' GP,GOMEO,LSN,NIB,175000,
169,ENG GM5SN,ENG GM5SN,ENGSEL GOMEO 5' SN,GOMEO,LSN,NIB,180000,
170,ENG GRT 3SN,ENG GRT 3SN,ENGSEL GRT 3' SN,GRT,LSN,SMSL,76500,
171,ENG GRT 4GP,ENG GRT 4GP,ENGSEL GRT 4' GP,GRT,LSN,SMSL,142500,
172,ENG GRT 4SN,ENG GRT 4SN,ENGSEL GRT 4' SN,GRT,LSN,SMSL,118500,
173,ENG GRT 5SN,ENG GRT 5SN,ENGSEL GRT 5' SN,GRT,LSN,SMSL,173375,
174,ENG HPP3GP,ENG HPP3GP,ENGSEL HPP 3 GP,HPP,LSN,HSJ,47940,
175,ENG IGM3SN,ENG IGM3SN,ENGSEL IGM 3 SN,IGM,LSN,HIK,98636.360000000001,
176,ENG OLIQ3SN,ENG OLIQ3SN,ENGSEL OLIQ 3SN,OLIQ,LSN,LGA,100000,
177,ENG SLN 9 PTH,ENG SLN 9 PTH,ENGSEL SALON 9 PTH ESLON,,LSN,KA,32432.400000000001,
178,ENG TPS 2.5,ENG TPS 2.5,ENGSEL TIPIS 2.5 GP MJP,MJP,LSN,NIB,33000,
179,ENG TPS 2.5 GM,ENG TPS 2.5 GM,ENGSEL TIPIS 2.5 GP GOMEO,GOMEO,LSN,NIB,32000,
180,ENG TPS 2.5 RRT,ENG TPS 2.5 RRT,"ENGSEL TIPIS 2.5"" RRT",,LSN,KA,8000,
181,ENG TPS 3 RRT,ENG TPS 3 RRT,"ENGSEL TIPIS 3"" RRT",,LSN,GSS,11750,
182,ENG TPS 3 SS,ENG TPS 3 SS,ENGSEL TIPIS IGM 3 SS,IGM,LSN,HIK,38000,
183,ENG TPS2 GP,ENG TPS2 GP,"ENGSEL TIPIS 2"" GP GOMEO",GOMEO,LSN,NIB,25000,
184,ENG TPS3 GP,ENG TPS3 GP,"ENGSEL TIPIS 3"" GP GOMEO",GOMEO,LSN,NIB,38000,
185,ENG TR3GP,ENG TR3GP,ENGSEL TREGO 3 GP,TREGO,LSN,LGA,98700,
186,ENG TR3SN,ENG TR3SN,ENGSEL TREGO 3 SN,TREGO,LSN,LGA,98700,
187,ENG TR4SN,ENG TR4SN,ENGSEL TREGO 4 SN,,LSN,LGA,142410,
188,ENG TR5SN,ENG TR5SN,ENGSEL TREGO 5 SN,,LSN,LGA,172490,
189,FIBERTAPE,FIBERTAPE,FIBERTAPE,,PCS,MSM,2800,
190,FIBERTAPE PR,FIBERTAPE PR,FIBERTAPE PROFIX,PROFIX,PCS,NIB,2650,
191,GB OCP2,GB OCP2,GRENDEL BULAT OCP 2' KURA,KURA,LSN,KA,28000,
192,GB OCP3,GB OCP3,GRENDEL BULAT OCP 3' KURA,,LSN,KA,37500,
193,GB OCP4,GB OCP4,GRENDEL BULAT OCP 4' KURA,KURA,LSN,KA,47500,
194,GBH 6,GBH 6,GRENDEL BULAT HITAM 6,GDO,LSN,BI,25000,
195,GC KROX,GC KROX,GANCO KROX (DANDANG) 5 LB,,LSN,NAS,654750,
196,GJ CKLT KR,GJ CKLT KR,GRENDEL JEPIT COKLAT KURA,KURA,LSN,KS,10500,
197,GJ PTH KR,GJ PTH KR,GRENDEL JEPIT PUTIH KURA,KURA,LSN,KS,9500,
198,GL STICK,GL STICK,LEM GLUE STICK / LEM BAKAR BENING K,,KG ,HF,42000,
199,GL STICK B,GL STICK B,LEM GLUE STICK / LEM BAKAR BENING B,ONE DROP,KG ,HF,42000,
200,GLX FLEX18,GLX FLEX18,MATA GRAJI GLX FLEX 18T,GLX,PCS,GSS,1850,
201,GM OV PDK 30,GM OV PDK 30,GEMBOK OVAL PENDEK 30 HIOSHI,HIOSHI,PCS,KBB,10488,
202,GM OV PDK 40,GM OV PDK 40,GEMBOK OVAL PENDEK 40 HIOSHI,HIOSHI,PCS,KBB,13984,
203,GM OV PDK 50,GM OV PDK 50,GEMBOK OVAL PENDEK 50 HIOSHI,HIOSHI,PCS,KBB,17480,
204,GM OV PJG 30,GM OV PJG 30,GEMBOK OVAL PANJANG 30 HIOSHI,HIOSHI,PCS,KBB,12236,
205,GM OV PJG 50,GM OV PJG 50,GEMBOK OVAL PANJANG 50 HIOSHI,HIOSHI,PCS,KBB,19228,
206,GMB HTM50 GLX,GMB HTM50 GLX,GEMBOK HITAM 50MM GLX,GLX,LSN,GSS,130000,
207,GMB KC ECO20,GMB KC ECO20,GEMBOK KECIL ECO WARNA 20 MM HIOSHI,HIOSHI,LSN,KBB,68400,
208,GMB KC ECO25,GMB KC ECO25,GEMBOK KECIL ECO WARNA 25 MM HIOSHI,HIOSHI,LSN,KBB,72675,
209,GMB KC ECO30,GMB KC ECO30,GEMBOK KECIL ECO WARNA 30 MM HIOSHI,HIOSHI,LSN,KBB,95000,
210,GMB KC ECO40,GMB KC ECO40,GEMBOK KECIL ECO WARNA 40 MM HIOSHI,HIOSHI,LSN,KBB,118060.53,
211,GMJD 30 PDK,GMJD 30 PDK,GEMBOK JODOH 30 PENDEK,HIOSHI,LSN,KBB,196650,
212,GMJD 30 PJG,GMJD 30 PJG,GEMBOK JODOH 30 PANJANG,HIOSHI,LSN,KBB,191781.25,
213,GMJD 40 PDK,GMJD 40 PDK,GEMBOK JODOH 40 PENDEK,HIOSHI,LSN,KBB,235980,
214,GMJD 40 PJG,GMJD 40 PJG,GEMBOK JODOH 40 PANJANG,HIOSHI,LSN,KBB,243839.95000000001,
215,GMJD 50 PDK,GMJD 50 PDK,GEMBOK JODOH 50 PENDEK,HIOSHI,LSN,KBB,314640,
216,GMJD 50 PJG,GMJD 50 PJG,GEMBOK JODOH 50 PANJANG,HIOSHI,LSN,KBB,314640,
217,GMJD 60 PDK,GMJD 60 PDK,GEMBOK JODOH 60 PENDEK,HIOSHI,LSN,KBB,353970,
218,GMJD 60 PJG,GMJD 60 PJG,GEMBOK JODOH 60 PANJANG,HIOSHI,LSN,KBB,393300,
219,GNT 16CM ECO,GNT 16CM ECO,GUNTING KERTAS ECO 16 CM HIOSHI,HIOSHI,PCS,KBB,5408.3100000000004,
220,GNT 6 SS,GNT 6 SS,GUNTING S/S 6' HIOSHI,HIOSHI,PCS,KBB,10567.139999999999,
221,GNT DH LRS8,GNT DH LRS8,"GUNTING DAHAN LURUS 8"" (TIGER )",HIOSHI,PCS,KBB,29150.75,
222,GNT HL TORA,GNT HL TORA,GUNTING HOLO TORA,TORA,PCS,SMM,50000,
223,GNT HL10 VG,GNT HL10 VG,GUNTING HOLO 10 VEGAZ,VEGAZ,PCS,VJP,45000,
224,GNT HOLO 10,GNT HOLO 10,GUNTING HOLO CRV 10 HIOSHI,HIOSHI,PCS,KBB,52250,
225,GNT KWT EXTR,GNT KWT EXTR,GUNTING KAWAT EXTREME 42 HIOSHI,HIOSHI,PCS,KBB,313500,
226,GNT PG HS,GNT PG HS,GUNTING PAGAR / RUMPUT HIOSHI,HIOSHI,PCS,KBB,26919.200000000001,
227,GNTGHOLO,GNTGHOLO,GUNTING HOLO HEAVY DUTY CAMEL,CAMEL,PCS,PTMS,25909,
228,GNTGKR,GNTGKR,GUNTING KOREA (905) CAMEL,CAMEL,PCS,PTMS,20000,
229,GNTKWT HD30,GNTKWT HD30,GUNTING KAWAT / BETON HD30,HIOSHI,PCS,KBB,0,
230,GNTKWT HD36,GNTKWT HD36,GUNTING KAWAT / BETON HD36,HIOSHI,PCS,KBB,182192.20000000001,
231,GNTKWT30HS,GNTKWT30HS,GUNTING KAWAT EXTREME 30 HIOSHI,HIOSHI,PCS,KBB,142500,
232,GNTKWT36HS,GNTKWT36HS,GUNTING KAWAT EXTREME 36 (UPGRADE),HIOSHI,PCS,KBB,178125,
233,GO 2 GM,GO 2 GM,"GRENDEL OVERVAL 2"" GOMEO",GOMEO,LSN,NIB,35000,
234,GO 2 PTH KR,GO 2 PTH KR,"GRENDEL OVERVAL 2"" PUTIH KURA",KURA,LSN,KS,24000,
235,GO 3 GM,GO 3 GM,"GRENDEL OVERVAL 3"" GOMEO",GOMEO,LSN,NIB,41000,
236,GR 18 YS,GR 18 YS,"GOROK KARET ORANGE 18"" YUSTAR",YUSTAR,PCS,HHH,12271.15,
237,GR DBLMY,GR DBLMY,GRAJI DOBEL MYROS,,BOX,GSS,62500,
238,GR DP 3,GR DP 3,GRENDEL DOBEL PLAT 3',KZK,LSN,BS,25455,
239,GR DP 4,GR DP 4,GRENDEL DOBEL PLAT 4',,LSN,NIB,26000,
240,GR GM 18,GR GM 18,GRAJI GOROK GOMEO 18,GOMEO,LSN,NIB,215000,
241,GR HB 18,GR HB 18,"GRAJI BATA RINGAN / GOROK HEBEL GOMEO 18""",GOMEO,LSN,NIB,187500,
242,GR HS 18EX,GR HS 18EX,GOROK KAYU 18' EXTREME HIOSHI,HIOSHI,PCS,KBB,34616.519999999997,
243,GR KOPI CAB,GR KOPI CAB,GOROK KOPI CAB SAMURAI,CAB,LSN,HSJ,220900,
244,GR KOPI HD14,GR KOPI HD14,GOROK / GERGAJI KOPI HD14 HIOSHI,HIOSHI,LSN,KBB,218630.60999999999,
245,GR KY MNTP SERI,GR KY MNTP SERI,GOROK / GERGAJI KAYU MANTAP SERI HIOSHI,HIOSHI,LSN,KBB,241224,
246,GR KY MNTP14,GR KY MNTP14,GOROK / GERGAJI KAYU MANTAP 14 HIOSHI,HIOSHI,LSN,KBB,234232,
247,GR KY MNTP16,GR KY MNTP16,GOROK / GERGAJI KAYU MANTAP 16 HIOSHI,HIOSHI,LSN,KBB,241224,
248,GR KY MNTP18,GR KY MNTP18,GOROK / GERGAJI KAYU MANTAP 18 HIOSHI,HIOSHI,LSN,KBB,248216,
249,GR SERI AWS,GR SERI AWS,GOROK SERI AWS 14-16-18,AWS,LSN,NIB,195000,
250,GR SERI GRT,GR SERI GRT,GERGAJI GOROK SERI GRT 14-16-18,GRT,LSN,SMSL,211500,
251,GR SERI HS,GR SERI HS,GOROK SERI HIOSHI 14-18,HIOSHI,LSN,KBB,223250,
252,GR SS10 NI,GR SS10 NI,"GRENDEL STAINLESS 10"" GOMEO",GOMEO,LSN,NIB,92500,
253,GR SS12 NI,GR SS12 NI,"GRENDEL STAINLESS 12"" GOMEO",GOMEO,LSN,NIB,115000,
254,GR SS2,GR SS2,"GRENDEL STAINLESS 2"" DOLPHIN",DOLPHIN,LSN,BI,46545.449999999997,
255,GR SS2 NI,GR SS2 NI,"GRENDEL STAINLESS 2"" GOMEO",GOMEO,LSN,NIB,21500,
256,GR SS2 OVAL GM,GR SS2 OVAL GM,"GRENDEL STAINLESS 2"" OVAL GOMEO",GOMEO,LSN,NIB,22500,
257,GR SS3,GR SS3,"GRENDEL STAINLESS 3"" DOLPHIN",DOLPHIN,LSN,BI,60000.010000000002,
258,GR SS3 NI,GR SS3 NI,"GRENDEL STAINLESS 3"" GOMEO",GOMEO,LSN,NIB,27000,
259,GR SS3 OVAL GM,GR SS3 OVAL GM,"GRENDEL STAINLESS 3"" OVAL GOMEO",GOMEO,LSN,NIB,27000,
260,GR SS4,GR SS4,"GRENDEL STAINLESS 4"" DOLPHIN",DOLPHIN,LSN,BI,75000,
261,GR SS4 NI,GR SS4 NI,"GRENDEL STAINLESS 4"" GOMEO",GOMEO,LSN,NIB,35000,
262,GR SS4 OVAL GM,GR SS4 OVAL GM,"GRENDEL STAINLESS 4"" OVAL GOMEO",GOMEO,LSN,NIB,32500,
263,GR SS6 NI,GR SS6 NI,"GRENDEL STAINLESS 6"" GOMEO",GOMEO,LSN,NIB,49000,
264,GR SS6 OVAL GM,GR SS6 OVAL GM,"GRENDEL STAINLESS 6"" OVAL GOMEO",GOMEO,LSN,NIB,44000,
265,GR SS8 NI,GR SS8 NI,"GRENDEL STAINLESS 8"" GOMEO",GOMEO,LSN,NIB,77500,
266,GRARCO NI,GRARCO NI,GEROBAK ARCO MERAH,ARCO,PCS,NIB,620000,
267,GRBS EKL 12,GRBS EKL 12,GERGAJI BESI 12' ENGKOL 001E,HIOSHI,LSN,KBB,277875,
268,GRBS KRT 001A,GRBS KRT 001A,GERGAJI BESI GG KARET 001A,HIOSHI,LSN,KBB,235125,
269,GRINDA 2300B,GRINDA 2300B,MESIN GRINDA M2300B,MODERN,PCS,GMM,239590,
270,GRINDA 2340V,GRINDA 2340V,M DISC GRINDA M2340V,MODERN,PCS,GMM,254600,
271,GRINDA M2350B,GRINDA M2350B,MESIN GRINDA M2350B,MODERN,PCS,GMM,241893.75,
272,GRINDWD 4,GRINDWD 4,"GRINDING WHEEL 4""(BATU SLEP) CUTTING SLEP",WD,PCS,WDS,4976.6800000000003,
273,GRISCO BESI,GRISCO BESI,GEROBAK BESI ISCO 10 KG (TIPIS),ISCO,SET,STD,210000,
274,GRISCO BS TBL,GRISCO BS TBL,"GEROBAK BESI ISCO TEBAL (14,5KG)",ISCO,PCS,STD,335000,
275,GRISCO PVC,GRISCO PVC,GEROBAK PVC ISCO,ISCO,PCS,STD,325000,
276,GUN SS,GUN SS,TEMBAKAN LEM SOSIS,,PCS,HF,90000,
277,HA BK 4,HA BK 4,HAK BUKA NO.4 TOKIO,TOKIO,BOX,NAS,12500,
278,HA ULIR,HA ULIR,HAK ANGIN ULIR  BESI GOMEO,GOMEO,LSN,NIB,20500,
279,HAND BLW IWA,HAND BLW IWA,ELECTRIC HAND BLOWER IWA,,PCS,SMT,140000,
280,HSSC18,HSSC18,HAND SHOWER ISCO SC-18,ISCO,SET,STD,33500,
281,HSSC22,HSSC22,HAND SHOWER ISCO SC-22,ISCO,PCS,STD,28500,
282,HSSC23,HSSC23,HAND SHOWER + FILTER ISCO SC-23,ISCO,PCS,STD,35000,
283,HSSC24,HSSC24,HAND SHOWER ISCO SC-24,ISCO,PCS,STD,29500,
284,HSSC27,HSSC27,HAND SHOWER ISCO SC-27,ISCO,SET,STD,30000,
285,HT 10 TK,HT 10 TK,SKRUP MATA TUTUP / HAK TUTUP 10 TOKIO,TOKIO,GR ,NAS,25000,
286,HT 2 TK,HT 2 TK,SKRUP MATA TUTUP / HAK TUTUP 2 TOKIO,TOKIO,GR ,NAS,6750,
287,HT 3 TK,HT 3 TK,SKRUP MATA TUTUP / HAK TUTUP 3 TOKIO,TOKIO,GR ,NAS,7750,
288,HT 8 TK,HT 8 TK,SKRUP MATA TUTUP / HAK TUTUP 8 TOKIO,TOKIO,GR ,NAS,17500,
289,IS HTM,IS HTM,ISOLASI LISTRIK HITAM SAN EI,SAN EI,PCS,STD,8800,
290,IS ISCO,IS ISCO,ISOLASI NATIONAL ISCO,ISCO,PCS,STD,3300,
291,JIGSAW M2200,JIGSAW M2200,MESIN JIG SAW M-2200 MODERN,MODERN,PCS,MT,229900,
292,JS CHR,JS CHR,JET SHOWER CHROME SKL,SKL,PCS,SDL,28627.700000000001,
293,JS CHR SC61,JS CHR SC61,JET SHOWER BULAT CHROME SC-61,ISCO,PCS,STD,30500,
294,JS PTH SC60,JS PTH SC60,JET SHOWER BULAT PUTIH SC-60,ISCO,PCS,STD,28500,
295,JS SC30,JS SC30,JET SHOWER SET SC-30 PUTIH ISCO,ISCO,PCS,STD,26000,
296,KC KCL CLS,KC KCL CLS,KUNCI KECIL CLASSIC SN/CP,CLASSIC,SET,HSJ,36190,
297,KC KPL BOR BC,KC KPL BOR BC,KUNCI KEPALA BOR BC,TOKIO,PCS,NAS,4000,
298,KC L HS BOX,KC L HS BOX,KUNCI L CRV LONG (BOX) HIOSHI,HIOSHI,SET,KBB,55936,
299,KC L SET HS,KC L SET HS,KUNCI L SET 10 PC HTM HIOSHI,HIOSHI,SET,KBB,8358,
300,KC L SET PTH,KC L SET PTH,KUNCI L SET 10 PC PTH HIOSHI,HIOSHI,SET,KBB,9109.6100000000006,
301,KC PAS 12X13,KC PAS 12X13,KUNCI PAS 12 X 13 DIAMOND,DIAMOND,PCS,GSS,2300,
302,KC RG PAS 10 HS,KC RG PAS 10 HS,"KUNCI RING PAS 10"" HASSTON",HASSTON,PCS,CPI,8150,
303,KC RG PAS 12 HS,KC RG PAS 12 HS,"KUNCI RING PAS 12"" HASSTON",HASSTON,PCS,CPI,9600,
304,KC RG PAS 14 HS,KC RG PAS 14 HS,"KUNCI RING PAS 14"" HASSTON",HASSTON,PCS,CPI,11800,
305,KC RG PAS 17 HS,KC RG PAS 17 HS,"KUNCI RING PAS 17"" HASSTON",HASSTON,PCS,CPI,19400,
306,KC RG PAS 19 HS,KC RG PAS 19 HS,"KUNCI RING PAS 19"" HASSTON",HASSTON,PCS,CPI,20650,
307,KC RG PAS 22 HS,KC RG PAS 22 HS,"KUNCI RING PAS 22"" HASSTON",HASSTON,PCS,CPI,30250,
308,KC RG SET 6,KC RG SET 6,KUNCI RING SET 6-22 DIAMOND,DIAMOND,SET,GSS,48000,
309,KC RP SET,KC RP SET 8,KUNCI RING PAS SET 8-22 DIAMOND,DIAMOND,SET,GSS,45000,
310,KC SOK RF HS,KC SOK RF HS,KUNCI SOCK ROFING HASSTON,HASSTON,SET,CPI,38060,
311,KC SOK T10,KC SOK T10,KUNCI SOK T10 MM,HIOSHI,PCS,KBB,13117.84,
312,KC SOK T12,KC SOK T12,KUNCI SOK T12 MM,HIOSHI,PCS,KBB,13117.84,
313,KC SOK T8,KC SOK T8,KUNCI SOK T8 MM,HIOSHI,PCS,KBB,13117.83,
314,KC SOK T9,KC SOK T9,KUNCI SOK T9 MM,HIOSHI,PCS,KBB,13117.84,
315,KC TGG VRDS BLK,KC TGG VRDS BLK,KUNCI TANGGUNG VERDASCE BLACK GOLD,VERDASCE,SET,SMSL,84787.5,
316,KC Y 10X11X13,KC Y 10X11X13,KUNCI SOK Y 10 X 11 X 13,HIOSHI,PCS,KBB,12389,
317,KC Y 10X12X14,KC Y 10X12X14,KUNCI SOK Y 10 X 12 X 14,HIOSHI,PCS,KBB,12389,
318,KC Y 12X14X17,KC Y 12X14X17,KUNCI SOK Y 12 X 14 X 17,HIOSHI,PCS,KBB,14211.209999999999,
319,KC Y 8X10X12,KC Y 8X10X12,KUNCI SOK Y 8 X 10 X 12,HIOSHI,PCS,KBB,11295.870000000001,
320,KC Y 8X9X10,KC Y 8X9X10,KUNCI SOK Y 8 X 9 X 10,HIOSHI,PCS,KBB,11295.92,
321,KCPP KRT 10,KCPP KRT 10,KUNCI PIPA PRO KARET 10' HIOSHI,HIOSHI,PCS,KBB,40080.93,
322,KCPP KRT 12,KCPP KRT 12,KUNCI PIPA PRO KARET 12' HIOSHI,HIOSHI,PCS,KBB,42750,
323,KCPP KRT 14,KCPP KRT 14,KUNCI PIPA PRO KARET 14' HIOSHI,HIOSHI,PCS,KBB,55218.75,
324,KCPP KRT 18,KCPP KRT 18,KUNCI PIPA PRO KARET 18' HIOSHI,HIOSHI,PCS,KBB,76518.460000000006,
325,KCPP KRT 24,KCPP KRT 24,KUNCI PIPA PRO KARET 24' HIOSHI,HIOSHI,PCS,KBB,109319.83,
326,KCPP KRT 36,KCPP KRT 36,KUNCI PIPA PRO KARET 36' HIOSHI,HIOSHI,PCS,KBB,218631.57999999999,
327,KCPP KRT 8,KCPP KRT 8,KUNCI PIPA PRO KARET 8' HIOSHI,HIOSHI,PCS,KBB,32795.050000000003,
328,KE PAS 8,KE PAS 8,KUNCI ECO PAS 8 PC (6-22) HIOSHI,HIOSHI,PCS,KBB,78731.25,
329,KKR BLT,KKR BLT,KIKIR BULAT,OREGON,LSN,GSS,52500,
330,KKR GRT 4,KKR GRT 4,KIKIR GRT 4',GRT,LSN,SMSL,54625,
331,KKR GRT 5,KKR GRT 5,KIKIR GRT 5',GRT,LSN,SMSL,71250,
332,KP ECO 10X11,KP ECO 10X11,KUNCI PAS ECO 10 X 11 HIOSHI,HIOSHI,PCS,KBB,6555,
333,KP ECO 10X12,KP ECO 10X12,KUNCI PAS ECO 10 X 12 HIOSHI,HIOSHI,PCS,KBB,5492.1899999999996,
334,KP ECO 12X13,KP ECO 12X13,KUNCI PAS ECO 12 X 13 HIOSHI,HIOSHI,PCS,KBB,7374.3699999999999,
335,KP ECO 14X15,KP ECO 14X15,KUNCI PAS ECO 14 X 15 HIOSHI,HIOSHI,PCS,KBB,8093.75,
336,KP ECO 16X17,KP ECO 16X17,KUNCI PAS ECO 16 X 17 HIOSHI,HIOSHI,PCS,KBB,10175,
337,KP ECO 18X19,KP ECO 18X19,KUNCI PAS ECO 18 X 19 HIOSHI,HIOSHI,PCS,KBB,10868.75,
338,KP ECO 19X21,KP ECO 19X21,KUNCI PAS ECO 19 X 21 HIOSHI,HIOSHI,PCS,KBB,10545,
339,KP ECO 24X27,KP ECO 24X27,KUNCI PAS ECO 24 X 27 HIOSHI,HIOSHI,PCS,KBB,17575,
340,KP ECO 8X10,KP ECO 8X10,KUNCI PAS ECO 8 X 10 HIOSHI,HIOSHI,PCS,KBB,5052.8100000000004,
341,KP ECO 8X9,KP ECO 8X9,KUNCI PAS ECO 8 X 9 HIOSHI,HIOSHI,PCS,KBB,5318.75,
342,KP GM 9001-1,KP GM 9001-1,KUNCI PINTU GOMEO 9001-1,GOMEO,PCS,NIB,115000,
343,KP GM 9001-2,KP GM 9001-2,KUNCI PINTU GOMEO 9001-2,GOMEO,PCS,NIB,115000,
344,KP GM 9002-1,KP GM 9002-1,KUNCI PINTU GOMEO 9002-1,GOMEO,PCS,NIB,107500,
345,KP GM 9002-2,KP GM 9002-2,KUNCI PINTU GOMEO 9002-2,GOMEO,PCS,NIB,107500,
346,KP GM 9009-1,KP GM 9009-1,KUNCI PINTU GOMEO 9009-1,GOMEO,PCS,NIB,102500,
347,KP GM 9009-2,KP GM 9009-2,KUNCI PINTU GOMEO 9009-2,GOMEO,PCS,NIB,102500,
348,KP GM 9010-2,KP GM 9010-2,KUNCI PINTU GOMEO 9010-2,GOMEO,PCS,NIB,97500,
349,KP GM 9011-1,KP GM 9011-1,KUNCI PINTU GOMEO 9011-1,GOMEO,PCS,NIB,102500,
350,KP GM 9011-2,KP GM 9011-2,KUNCI PINTU GOMEO 9011-2,GOMEO,PCS,NIB,102500,
351,KP GM 9012-1,KP GM 9012-1,KUNCI PINTU GOMEO 9012-1,GOMEO,PCS,NIB,115000,
352,KP GM 9012-2,KP GM 9012-2,KUNCI PINTU GOMEO 9012-2,GOMEO,PCS,NIB,125000,
353,KP GM 9501 GY,KP GM 9501 GY,KUNCI PINTU GOMEO 9501 GY,GOMEO,PCS,NIB,107500,
354,KP GM 9502 GY,KP GM 9502 GY,KUNCI PINTU GOMEO 9502 GY,GOMEO,PCS,NIB,107500,
355,KP KT BLK ISCO,KP KT BLK ISCO,KUNCI PINTU KOTAK BLACK BM02 ISCO,ISCO,PCS,STD,35000,
356,KP SATIN 12X14,KP SATIN 12X14,KUNCI PAS SATIN 12 X 14 HIOSHI,HIOSHI,PCS,KBB,6590.6300000000001,
357,KP SATIN 14X17,KP SATIN 14X17,KUNCI PAS SATIN 14 X 17 HIOSHI,HIOSHI,PCS,KBB,7689.0600000000004,
358,KP SATIN 17X19,KP SATIN 17X19,KUNCI PAS SATIN 17 X 19 HIOSHI,HIOSHI,PCS,KBB,10325.309999999999,
359,KP SATIN 22X24,KP SATIN 22X24,KUNCI PAS SATIN 22 X 24 HIOSHI,HIOSHI,PCS,KBB,16625,
360,KP TGG GM 8301-1,KP TGG GM 8301-1,KUNCI TGG GOMEO 8301-1,GOMEO,PCS,NIB,92500,
361,KP TGG GM 8301-2,KP TGG GM 8301-2,KUNCI TGG GOMEO 8301-2,GOMEO,PCS,NIB,90000,
362,KP TGG GM 8301-3,KP TGG GM 8301-3,KUNCI TGG GOMEO 8301-3,GOMEO,PCS,NIB,82500,
363,KP TGG GM 8302-1,KP TGG GM 8302-1,KUNCI TGG GOMEO 8302-1,GOMEO,PCS,NIB,105000,
364,KP TGG GM 8302-2,KP TGG GM 8302-2,KUNCI TGG GOMEO 8302-2,GOMEO,PCS,NIB,90000,
365,KP TGG GM 8302-3,KP TGG GM 8302-3,KUNCI TGG GOMEO 8302-3,GOMEO,PCS,NIB,82500,
366,KP TGG GM 8309-1,KP TGG GM 8309-1,KUNCI TGG GOMEO 8309-1,GOMEO,PCS,NIB,85000,
367,KP TGG GM 8309-2,KP TGG GM 8309-2,KUNCI TGG GOMEO 8309-2,GOMEO,PCS,NIB,87500,
368,KP TGG GM 8311-1,KP TGG GM 8311-1,KUNCI TGG GOMEO 8311-1,GOMEO,PCS,NIB,85000,
369,KP TGG GM 8311-2,KP TGG GM 8311-2,KUNCI TGG GOMEO 8311-2,GOMEO,PCS,NIB,85000,
370,KP TGG GM 8312-1,KP TGG GM 8312-1,KUNCI TGG GOMEO 8312-1,GOMEO,PCS,NIB,105000,
371,KP TGG GM 8312-2,KP TGG GM 8312-2,KUNCI TGG GOMEO 8312-2,GOMEO,PCS,NIB,90000,
372,KP TGG GM 8501 GY,KP TGG GM 8501 GY,KUNCI TGG GOMEO 8501 GY,GOMEO,PCS,NIB,87500,
373,KP TGG GM 8502 GY,KP TGG GM 8502 GY,KUNCI TGG GOMEO 8502 GY,GOMEO,PCS,NIB,87500,
374,KP TGG GM SS868,KP TGG GM SS868,KUNCI TGG GOMEO SS 868,GOMEO,PCS,NIB,75000,
375,KP TGG GRT888,KP TGG GRT888,KUNCI PINTU TGG GRT 888 (GP),GRT,SET,SMSL,54625,
376,KP TGG GRT999,KP TGG GRT999,KUNCI PINTU TGG GRT 999 (GP),GRT,SET,SMSL,54625,
377,KP TGG MU-04,KP TGG MU-04,KUNCI PINTU TGG MU-04 ISCO,ISCO,PCS,STD,43000,
378,KP TGG MU-06,KP TGG MU-06,KUNCI PINTU TGG MU-06 ISCO,ISCO,PCS,STD,39500,
379,KP TGG PROF601,KP TGG PROF601,KUNCI TANGGUNG PROFIX 601-2,PROFIX,PCS,NIB,45000,
380,KP TGG PROF602,KP TGG PROF602,KUNCI TANGGUNG PROFIX 602-2,PROFIX,PCS,NIB,51500,
381,KP TGG PROF603,KP TGG PROF603,KUNCI TANGGUNG PROFIX 603-2,PROFIX,LSN,NIB,51500,
382,KP TGG PROF603-1,KP TGG PROF603-1,KUNCI TANGGUNG PROFIX 603-1,PROFIX,PCS,NIB,50000,
383,KP TGG PROF605,KP TGG PROF605,KUNCI TANGGUNG PROFIX 605-2,PROFIX,PCS,NIB,60000,
384,KR 1/2 HD,KR 1/2 HD,KRAN PLASTIK HD 1/2,HIOSHI,LSN,KBB,92500,
385,KR ANG FL,KR ANG FL,KRAN ANGSA FLEXIBEL SKL,SKL,PCS,SDL,68364.320000000007,
386,KR ANG FLUL,KR ANG FLUL,KRAN ANGSA FLEXIBEL ULIR SKL,SKL,PCS,SDL,68364.320000000007,
387,KR ANGEXE01,KR ANGEXE01,KRAN ANGSA FLEXIBLE 977 EXECUTIVE 1/2,EXECUTIVE,PCS,BI,74272.800000000003,
388,KR ANGPT01,KR ANGPT01,KRAN ANGSA PATEN 976 EXECUTIVE 1/2,EXECUTIVE,PCS,BI,33636.410000000003,
389,KR ANGPVC ISCO,KR ANGPVC ISCO,KRAN ANGSA PVC ISCO,ISCO,PCS,STD,17000,
390,KR CBNG WD1039,KR CBNG WD1039,KRAN DOUBLE BALING WD1039 / KRAN CABANG ISCO,ISCO,PCS,STD,32500,
391,KR CBNG WD1131,KR CBNG WD1131,KRAN DOUBLE ENGKOL WD1131 / KRAN CABANG ISCO,ISCO,PCS,STD,26000,
392,KR CBNG WD1135,KR CBNG WD1135,KRAN DOUBLE ENGKOL WD1135 / KRAN CABANG ISCO,ISCO,PCS,STD,31500,
393,KR CBNG WD1139,KR CBNG WD1139,KRAN DOUBLE BALING WD1139 / KRAN CABANG ISCO,ISCO,PCS,STD,27500,
394,KR CBNG WD201,KR CBNG WD201,KRAN CABANG/DOUBLE ISCO S/S WD 201,ISCO,PCS,STD,28500,
395,KR ECO 10X11,KR ECO 10X11,KUNCI RING ECO 10 X 11 HIOSHI,HIOSHI,PCS,KBB,7210.5,
396,KR ECO 10X12,KR ECO 10X12,KUNCI RING ECO 10 X 12 HIOSHI,HIOSHI,PCS,KBB,6810.3100000000004,
397,KR ECO 12X13,KR ECO 12X13,KUNCI RING ECO 12 X 13 HIOSHI,HIOSHI,PCS,KBB,8685.5,
398,KR ECO 14X15,KR ECO 14X15,KUNCI RING ECO 14 X 15 HIOSHI,HIOSHI,PCS,KBB,9943.75,
399,KR ECO 16X17,KR ECO 16X17,KUNCI RING ECO 16 X 17 HIOSHI,HIOSHI,PCS,KBB,11562.5,
400,KR ECO 17X19,KR ECO 17X19,KUNCI RING ECO 17 X 19 HIOSHI,HIOSHI,PCS,KBB,12082.809999999999,
401,KR ECO 18X19,KR ECO 18X19,KUNCI RING ECO 18 X 19 HIOSHI,HIOSHI,PCS,KBB,14748.75,
402,KR ECO 20X22,KR ECO 20X22,KUNCI RING ECO 20 X 22 HIOSHI,HIOSHI,PCS,KBB,19656.25,
403,KR ECO 22X24,KR ECO 22X24,KUNCI RING ECO 22 X 24 HIOSHI,HIOSHI,PCS,KBB,23750,
404,KR ECO 24X27,KR ECO 24X27,KUNCI RING ECO 24 X 27 HIOSHI,HIOSHI,PCS,KBB,27750,
405,KR ECO 30X32,KR ECO 30X32,KUNCI RING ECO 30 X 32 HIOSHI,HIOSHI,PCS,KBB,39312.5,
406,KR ECO 8,KR ECO 8,KUNCI ECO RING 8 PC (6-22) HIOSHI,HIOSHI,PCS,KBB,92625,
407,KR ECO 8X10,KR ECO 8X10,KUNCI RING ECO 8 X 10 HIOSHI,HIOSHI,PCS,KBB,5931.5600000000004,
408,KR ECO 8X9,KR ECO 8X9,KUNCI RING ECO 8 X 9 HIOSHI,HIOSHI,PCS,KBB,6012.5,
409,KR ECO PAS 8,KR ECO PAS 8,KUNCI ECO RING PAS 8 PC (8-24) HIOSHI,HIOSHI,SET,KBB,98325,
410,KR FLEX WF2035,KR FLEX WF2035,KRAN ANGSA FLEXIBEL MEJA WF2035 ISCO,ISCO,PCS,STD,50000,
411,KR FLEX WF2037,KR FLEX WF2037,KRAN ANGSA FLEXIBLE WF2037 ISCO,ISCO,PCS,STD,40000,
412,KR FLEX WF501,KR FLEX WF501,KRAN ANGSA FLEXIBLE S/S ISCO WF501,ISCO,PCS,STD,75000,
413,KR HK 1/2 HS,KR HK 1/2 HS,KRAN PVC 1/2 HK HIOSHI,HIOSHI,LSN,KBB,110124,
414,KR INJAK,KR INJAK,KRAN INJAK PEDAL BULAT / PJG,HIOSHI,PCS,KBB,210000,
415,KR MJ WF5020,KR MJ WF5020,KRAN MEJA FLEXIBLE WARNA WF5020 ISCO,ISCO,PCS,STD,65000,
416,KR PD WHC6701,KR PD WHC6701,KRAN PANAS DINGIN WHC6701 ISCO,ISCO,PCS,STD,140000,
417,KR PVC 1/2,KR PVC 1/2,KRAN PVC 1/2' (TEMBOK),HIOSHI,LSN,KBB,109250,
418,KR PVC 3/4,KR PVC 3/4,KRAN PVC 3/4' (TEMBOK),HIOSHI,LSN,KBB,114000,
419,KR SATIN 14X17,KR SATIN 14X17,KUNCI RING SATIN 14 X 17 HIOSHI,HIOSHI,PCS,KBB,9885.9400000000005,
420,KR SATIN 19X21,KR SATIN 19X21,KUNCI RING SATIN 19 X 21 HIOSHI,HIOSHI,PCS,KBB,17575,
421,KR SATIN 21X23,KR SATIN 21X23,KUNCI RING SATIN 21 X 23 HIOSHI,HIOSHI,PCS,KBB,21375,
422,KR SATIN 30X32,KR SATIN 30X32,KUNCI RING SATIN 30 X 32 HIOSHI,HIOSHI,PCS,KBB,40375,
423,KR SH WSL1001,KR SH WSL1001,KRAN SHOWER A WSL 1001,ISCO,PCS,STD,11000,
424,KR SH WST2001,KR SH WST2001,KRAN SHOWER ISCO WST2001,ISCO,PCS,STD,13000,
425,KR SH01,KR SH01,KRAN SHOWER A 1/2 946 EXECUTIVE,EXECUTIVE,PCS,BI,19090.91,
426,KR SUMUR HJ,KR SUMUR HJ,KEREKAN SUMUR ECO (HIJAU) HKS002,HIOSHI,PCS,KBB,15732,
427,KR TB01,KR TB01,KRAN TEMBOK 1/2 927 EXECUTIVE,EXECUTIVE,PCS,BI,20454.549999999999,
428,KR TB02,KR TB02,KRAN TEMBOK 3/4 927 EXECUTIVE,EXECUTIVE,PCS,BI,20909.09,
429,KR TGK WT1039,KR TGK WT1039,KRAN CHROME BALING WT1039 / KRAN TEMBOK,ISCO,PCS,STD,20000,
430,KR TMN 1/2 YS,KR TMN 1/2 YS,KRAN TAMAN PVC 1/2 8005 YUSTAR,YUSTAR,LSN,HHH,32307.599999999999,
431,KR TMN 1/2 YS 9005,KR TMN 1/2 YS 9005,KRAN TAMAN PVC 1/2 9005 YUSTAR,YUSTAR,LSN,HHH,32307.599999999999,
432,KR TMN 206,KR TMN 206,KRAN TAMAN TRANSPARANT 206 ISCO,ISCO,LSN,STD,45000,
433,KR TMN ABS 1/2,KR TMN ABS 1/2,"KRAN TAMAN ABS WARNA 1/2"" ISCO",ISCO,PCS,STD,8750,
434,KR TMN ABS 3/4,KR TMN ABS 3/4,"KRAN TAMAN ABS WARNA 3/4"" ISCO",ISCO,PCS,STD,9750,
435,KR TMN GRT,KR TMN GRT,KRAN TAMAN TRANSPARANT GRT TWO WAY,GRT,LSN,SMS,42300,
436,KR TMN KNG 3/4,KR TMN KNG 3/4,KRAN TAMAN KUNINGAN PANJANG 3/4,NICHIE,PCS,NAS,25000,
437,KR TMN WT101,KR TMN WT101,KRAN TAMAN / KRAN TEMBOK WT101 SS304 ISCO,ISCO,PCS,STD,19000,
438,KR WT933,KR WT933,KRAN WASTAFEL 933 EXECUTIVE,EXECUTIVE,PCS,BI,31454.540000000001,
439,KR WTIGM IK050,KR WTIGM IK050,KRAN WASTAFEL ABS IGM IK-050,IGM,PCS,HIK,14090.91,
440,KRP ECO 10,KRP ECO 10,KUNCI RING PAS ECO 10 MM HIOSHI,HIOSHI,PCS,KBB,6555,
441,KRP ECO 12,KRP ECO 12,KUNCI RING PAS ECO 12 MM HIOSHI,HIOSHI,PCS,KBB,7866,
442,KRP ECO 14,KRP ECO 14,KUNCI RING PAS ECO 14 MM HIOSHI,HIOSHI,PCS,KBB,9177,
443,KRP ECO 17,KRP ECO 17,KUNCI RING PAS ECO 17 MM HIOSHI,HIOSHI,PCS,KBB,12290.15,
444,KRP ECO 19,KRP ECO 19,KUNCI RING PAS ECO 19 MM HIOSHI,HIOSHI,PCS,KBB,13929.370000000001,
445,KRP ECO 22,KRP ECO 22,KUNCI RING PAS ECO 22 MM HIOSHI,HIOSHI,PCS,KBB,16187.5,
446,KRP ECO 24,KRP ECO 24,KUNCI RING PAS ECO 24 MM HIOSHI,HIOSHI,PCS,KBB,20812.5,
447,KRP ECO 8,KRP ECO 8,KUNCI RING PAS ECO 8 MM HIOSHI,HIOSHI,PCS,KBB,5899.5,
448,KRP SATIN 22,KRP SATIN 22,KUNCI RING PAS SATIN 22 MM HIOSHI,HIOSHI,PCS,KBB,16187.5,
449,KRTMN 1/2 8005,KRTMN 1/2 8005,KRAN TAMAN ABS 1/2 SS 8005,ISCO,LSN,STD,33500,
450,KRTMN 1/2 8117,KRTMN 1/2 8117,KRAN TAMAN ABS 1/2 SS 8117 ISCO,ISCO,PCS,STD,9500,
451,KRTMN 3/4 8005,KRTMN 3/4 8005,KRAN TAMAN ABS 3/4 SS 8005,ISCO,LSN,STD,36000,
452,KRTMN OWN,KRTMN OWN,KRAN PVC TAMAN OWNER TOPI,OWNER,LSN,STS,50473.5,
453,KS BLT 10,KS BLT 10,KAPASITOR BULAT 10UF ISCO,ISCO,PCS,STD,10250,
454,KS BLT 12,KS BLT 12,KAPASITOR BULAT 12UF ISCO,ISCO,PCS,STD,11300,
455,KS BLT 16,KS BLT 16,KAPASITOR BULAT 16UF ISCO,ISCO,PCS,STD,15100,
456,KS BLT 8,KS BLT 8,KAPASITOR BULAT 8UF ISCO,ISCO,PCS,STD,9880,
457,KUAS 1,KUAS 1' 633,"KUAS CAT 1"" 633",GRT,LSN,SMSL,10750,
458,KUAS 1 HMV,KUAS 1 HMV,"KUAS CAT PUTIH 1"" HMV",HMV,LSN,NIB,11160,
459,KUAS 1 LEON,KUAS 1 LEON,"KUAS CAT PUTIH 1"" LEON",LEON,LSN,NIB,9500,
460,KUAS 1.5,KUAS 1.5 633,"KUAS CAT 1.5"" 633",GRT,LSN,SMSL,16125,
461,KUAS 1.5 HMV,KUAS 1.5 HMV,"KUAS CAT PUTIH 1,5"" HMV",HUMVEE,LSN,NIB,16740,
462,KUAS 1.5 LEON,KUAS 1.5 LEON,"KUAS CAT PUTIH 1,5"" LEON",LEON,LSN,NIB,14250,
463,KUAS 2,"KUAS 2"" 633","KUAS CAT 2"" 633",GRT,LSN,SMSL,21500,
464,KUAS 2 LEON,KUAS 2 LEON,"KUAS CAT PUTIH 2"" LEON",LEON,LSN,NIB,21000,
465,KUAS 2.5,"KUAS 2.5"" 633","KUAS CAT 2.5"" 633",GRT,LSN,SMSL,26875,
466,KUAS 2.5 HMV,KUAS 2.5 HMV,"KUAS CAT PUTIH 2,5"" HMV",HUMVEE,LSN,NIB,27900,
467,KUAS 2.5 PRO,KUAS 2.5 PRO,"KUAS CAT 2.5"" PROFIX",PROFIX,LSN,NIB,26250,
468,KUAS 3,"KUAS 3"" 633","KUAS CAT 3"" 633",GRT,LSN,SMSL,32250,
469,KUAS 3 LEON,KUAS 3 LEON,"KUAS CAT PUTIH 3"" LEON",LEON,LSN,NIB,31500,
470,KUAS 3 PRO,KUAS 3 PRO,"KUAS CAT 3"" PROFIX",PROFIX,LSN,NIB,31500,
471,KUAS 4,KUAS 4,"KUAS CAT 4"" 633",PROFIX,LSN,NIB,40000,
472,KUAS 4 HMV,KUAS 4 HMV,"KUAS CAT PUTIH 4"" HMV",HUMVEE,LSN,NIB,40500,
473,KUAS 5,KUAS 5,"KUAS CAT 5"" 633",PROFIX,LSN,NIB,51000,
474,KUAS 5 HMV,KUAS 5 HMV,"KUAS CAT PUTIH 5"" HMV",HUMVEE,LSN,NIB,50000,
475,KUAS 5 LEON,KUAS 5 LEON,"KUAS CAT PUTIH 5"" LEON",LEON,LSN,NIB,57500,
476,KUAS R 9,KUAS R 9,"KUAS ROLL LEON 9""",LEON,LSN,NIB,80000,
477,KUAS R GRT,KUAS R GRT,"KUAS ROLL GRT 9""",GRT,LSN,SMSL,183300,
478,KUAS R HD4,KUAS R HD4,KUAS ROLL KAPAL HD4 HIOSHI,HIOSHI,LSN,KBB,118750,
479,KUAS R KPL,KUAS R KPL,KUAS ROLL KAPAL,,LSN,HHH,38500,
480,KUAS R PRO9,KUAS R PRO9,KUAS ROLL PRO 9 HIOSHI,HIOSI,PCS,KBB,25175,
481,KUAS R STL,KUAS R STL,KUAS ROLL STALLION 9',STALLION,LSN,MSM,53000,
483,KWL1/2PVC BL,KWL1/2PVC BL,KAWAT LOKET 1/2 PVC BLANKE,BLANKE,ROL,KA,63000,
484,KWL1/2PVC HMI,KWL1/2PVC HMI,KAWAT LOKET 1/2 PVC HMI,HMI,ROL,NIB,47000,
485,KWL1/2PVC NI,KWL1/2 PVC,KAWAT LOKET 1/2 PVC R2B,R2B,ROL,NIB,62273,
486,KWL1/4PVC BL,KWL1/4PVC BL,KAWAT LOKET 1/4 PVC BLANKE,BLANKE,ROL,KA,75000,
487,KWT SL GALV 6,KWT SL GALV 6,KAWAT SELING GALVANIS 6 MM,,ROL,SJTS,4400000,
488,LAKER AR,LAKER AR,LAKER ARTCO,ARTCO,PCS,NIB,6400,
489,LAKER TK,LAKER TK,LAKER TOKIO,TOKIO,PCS,NAS,3500,
490,LEM 5MNT HD,LEM 5MNT HD,LEM 5 MENIT HANDSOME,HANDSOME,PCS,HF,5250,
491,LEM FOX 400,LEM FOX 400,LEM FOX 400 GR,FOX,PCS,RS,7276.1000000000004,
492,LEM FOX 700,LEM FOX 700,LEM FOX 700 GR,FOX,PCS,RS,14339.9,
493,LEM GLAZ BL,LEM GLAZ BL,GLAZING MP BLACK (LEM BOTOL) 260ML,,BTL,IKA,25500,
494,LEM GLAZ WH,LEM GLAZ WH,GLAZING MP WHITE (LEM BOTOL) 260ML,,BTL,IKA,25500,
495,LEM ISR 40,LEM ISR 40,LEM ISARPLAST TUBE 40 GR,ISARPLAST,PCS,RS,5720,
496,LEM KC HAND,LEM KC HAND,LEM SEALANT BESAR HANDSOME,HANDSOME,PCS,HF,102500,
497,LEM KY,LEM KY,LEM KAYU PUTIH Q BOND 350 GR,Q BOND,PCS,KLI,9600,
498,LEM KY 203A,LEM KY 203A,LEM KAYU PUTIH Q BOND 700 GR 203A,QBOND,PCS,KLI,15504,
499,LEM NIPLST,LEM NIPLST,LEM NIPPONPLAST,NIPPONPLAST,PCS,NIB,3200,
500,LEM PRL KLNG,LEM PRL KLNG,LEM PRALON KALENG Q PLAST 24 X 400 GR,QPLAST,KLG,KLI,34600,
501,LEM PRL KLNG K,LEM PRL KLNG K,LEM PRALON KALENG Q PLAST 36 X 100 GR,QPLAST,KLG,KLI,12000,
502,LEM PRL TUBE,LEM PRL TUBE,LEM PRALON TUBE Q PLAST,QPLAST,PCS,KLI,5145,
503,LEM PTH YZR,LEM PTH YZR,LEM BOTOL SEALANT PUTIH YZR,YOZURI,PCS,STS,20425,
504,LEM PUR500,LEM PUR500,LEM KAYU PUTIH Q BOND PUR 24 X 500,QBOND,KLG,KLI,48000,
505,LEM PVC 100,LEM PVC 100,LEM PVC PLAS 100 GR (FOX),FOX,KLG,RS,12432,
506,LEM QBOND KLNG,LEM QBOND KLNG,LEM Q BOND KALENG,,KLG,KLI,6900,
507,LEM QBOND700,LEM QBOND700,LEM KAYU PUTIH Q BOND 700 GR,Q BOND,PCS,KLI,17000,
508,LEM QBOND750,LEM QBOND750,LEM KAYU PUTIH Q BOND 750 GR,O BOND,PCS,KLI,17000,
509,LEM SIL ODBL,LEM SIL ODBL,LEM SILICONE ONE DROP BLACK / HITAM,ONE DROP,PCS,NIB,17500,
510,LEM SIL ODCL,LEM SIL ODCL,LEM SILICONE ONE DROP CLEAR,ONE DROP,PCS,NIB,17500,
511,LEM SIL ODWHT,LEM SIL ODWHT,LEM SILICONE ONE DROP PUTIH,ONE DROP,PCS,NIB,17500,
512,LEM SS BC,LEM SS BC,LEM SOSIS BLACK,HANDSOME,PCS,HF,25750,
513,LEM SS BC IS,LEM SS BC IS,LEM SOSIS BLACK ISCO,ISCO,PCS,STD,24500,
514,LEM SS CLR,LEM SS CLR,LEM SOSIS CLEAR ISCO,ISCO,PCS,STD,28900,
515,LEM SS WH,LEM SS WH,LEM SOSIS WHITE,HANDSOME,PCS,HF,27000,
516,LEM SS WH IS,LEM SS WH IS,LEM SOSIS WHITE ISCO,ISCO,PCS,STD,25750,
517,LEM TKS,LEM TKS,LEM TIKUS 75 GR,,PCS,RS,8607,
518,LK BNG 72,LK BNG 72,LAKBAN BENING 72 Y,,ROL,NSP,3900,
519,LK BNG 90,LK BNG 90,LAKBAN BENING 90 Y,NIHON,ROL,NSP,6500,
520,LK BNG DCH,LK BNG DCH,LAKBAN BENING DAICHI,DAICHI,ROL,NSP,8635,
521,LK CKLT 90,LK CKLT 90,LAKBAN COKLAT 90 Y,NIHON,ROL,NSP,6500,
522,M JENSET,M JENSET,MESIN JENSET,,PCS,BIM,16000000,
523,M SIM100B,M SIM100B,"MESIN DISC GRINDA 4"" SIM100B MODERN",MODERN,PCS,GMM,225625,
524,M0600B,M0600B,MESIN M0600B MAKITA MT,MAKITA MT,PCS,IKK,337000,
525,M0801B,M0801B,MESIN M0801B MAKITA MT,MAKITA MT,PCS,IKK,532455,
526,M0900B,M0900B,MESIN M0900B MAKITA MT,MAKITA MT,PCS,IKK,359999.65000000002,
527,M0910B,M0910B,MESIN M0910B MAKITA MT,MAKITA MT,PCS,IKK,441750,
528,M1902B,M1902B,MESIN M1902B MAKITA MT,MAKITA MT,PCS,IKK,798000,
529,M2130B,M2130B,MESIN ELECTRIC DRILL M-2130B 13 MM MODERN,MODERN,PCS,GMM,285665,
530,M2150,M2150,MESIN BOR M2150 13MM,MODERN,PCS,GMM,304000,
531,M2360B,M2360B,"MESIN GRINDA M2360B (4"")",MODERN,PCS,MT,236906.25,
532,M2500B,M2500B,MESIN AMPLAS M2500B,MODERN,PCS,GMM,285665,
533,M2700 KPR,M2700 KPR,MESIN PROFILE M2700 KOPER,MODERN,PCS,GMM,313310,
534,M2750,M2750,MESIN PROFIL M2750,MODERN,PCS,MT,299250,
535,M2900,M2900,MESIN ELECTRIC PLANNER M-2900 MODERN,MODERN,PCS,GMM,349275.33000000002,
536,M3700B,M3700B,"MESIN MITTER SAW 7"" M3700B",MODERN,PCS,GMM,731500,
537,MB BTN10,MB BTN10,MATA BOR BETON 10,,PCS,BI,4818.1800000000003,
538,MB BTN12,MB BTN12,MATA BOR BETON 12,,PCS,BI,7363.6499999999996,
539,MB BTN4,MB BTN4,MATA BOR BETON 4,,PCS,BI,1764.6400000000001,
540,MB BTN6,MB BTN6,MATA BOR BETON 6,,PCS,BI,2645.2600000000002,
541,MB BTN8,MB BTN8,MATA BOR BETON 8,,PCS,BI,3854,
542,MB KNG1,MB KNG1,MATA BOR KUNING 1',,PCS,BI,0,
543,"MB KNG1,5","MB KNG1,5","MATA BOR KUNING 1,5'",,PCS,BI,0,
544,MB KNG10,MB KNG10,MATA BOR KUNING 10',,PCS,BI,8300,
545,MB KNG11,MB KNG11,MATA BOR KUNING 11',,PCS,BI,8142.7600000000002,
546,MB KNG12,MB KNG12,MATA BOR KUNING 12',,PCS,BI,8921.7800000000007,
547,MB KNG2,MB KNG2,MATA BOR KUNING 2',,PCS,BI,830,
548,"MB KNG2,5","MB KNG2,5","MATA BOR KUNING 2,5'",,PCS,BI,684,
549,MB KNG3,MB KNG3,MATA BOR KUNING 3',,PCS,BI,954,
550,"MB KNG3,5","MB KNG3,5","MATA BOR KUNING 3,5'",,PCS,BI,1365,
551,MB KNG4,MB KNG4,MATA BOR KUNING 4',,PCS,BI,1398.1800000000001,
552,"MB KNG4,5","MB KNG4,5","MATA BOR KUNING 4,5'",,PCS,BI,1430,
553,MB KNG5,MB KNG5,MATA BOR KUNING 5',,PCS,BI,1695.47,
554,"MB KNG5,5","MB KNG5,5","MATA BOR KUNING 5,5'",,PCS,BI,1748.1800000000001,
555,MB KNG6,MB KNG6,MATA BOR KUNING 6',,PCS,BI,1907,
556,"MB KNG6,5","MB KNG6,5","MATA BOR KUNING 6,5'",,PCS,BI,3233,
557,MB KNG7,MB KNG7,MATA BOR KUNING 7',,PCS,BI,3977.27,
558,"MB KNG7,5","MB KNG7,5","MATA BOR KUNING 7,5'",,PCS,BI,0,
559,MB KNG8,MB KNG8,MATA BOR KUNING 8',,PCS,BI,4177.6700000000001,
560,MB KNG9,MB KNG9,MATA BOR KUNING 9',,PCS,BI,0,
561,MB MTF 10,MB MTF 10,MATA BOR MULTIFUNGSI 10 MM IWA,IWA,PCS,SMT,14300,
562,MB MTF 6,MB MTF 6,MATA BOR MULTIFUNGSI 6 MM IWA,IWA,PCS,SMT,9900,
563,MB MTF 8,MB MTF 8,MATA BOR MULTIFUNGSI 8 MM IWA,IWA,PCS,SMT,11385,
564,MBOR 13 BOSCH,MBOR 13 BOSCH,MESIN BOR 13 MM BOSCH,BOSCH,PCS,RKW,600066,
565,MBOR 2100C,MBOR 2100C,MESIN BOR M2100C 10MM,MODERN,PCS,GMM,218405,
566,MCAS M-12V,MCAS M-12V,MESIN CAS M-12V ELECTRIC DRILL,MODERN,PCS,MT,332500,
567,MCAS M-13V,MCAS M-13V,MESIN CAS M-13V ELECTRIC DRILL,MODERN,PCS,MT,332500,
568,MG GWS700,MG GWS700,MESIN GRENDA GWS700 BOSCH,BOSCH,PCS,RKW,400044,
569,MT CIRCLE HS 4,MT CIRCLE HS 4,"MATA CIRCLE 4"" HASSTON",HASSTON,PCS,CPI,29425,
570,MT CR 4X40T,MT CR 4X40T,MATA CIRCLE 4X40T MODERN,MODERN,PCS,SUARI,22500,
571,MT SRK BSCH,MT SRK BSCH,MATA SERKEL BOSCH 5/8,BOSCH,PCS,RKW,125441.11,
572,MTB CLK YZ 10,MTB CLK YZ 10,MATA BOR COLOK 10 YOZURI,YOZURI,PCS,STS,14250,
573,MTB CLK YZ 12,MTB CLK YZ 12,MATA BOR COLOK 12 YOZURI,YOZURI,PCS,STS,16200,
574,MTB CLK YZ 6,MTB CLK YZ 6,MATA BOR COLOK 6 YOZURI,YOZURI,PCS,STS,10700,
575,MTB CLK YZ 8,MTB CLK YZ 8,MATA BOR COLOK 8 YOZURI,YOZURI,PCS,STS,12000,
576,MTR 10 HA,MTR 10 HA,ROLL METER 10 X 25 HASSTON,HASSTON,PCS,CPI,36025,
577,MTR 10 ISCO,MTR 10 ISCO,ROLL 10 METER AUTOSTOP ISCO,ISCO,LSN,STD,285000,
578,MTR 5 ISCO,MTR 5 ISCO,ROLL 5 METER AUTOSTOP ISCO,ISCO,LSN,STD,150000,
579,MTR AIR PVC,MTR AIR PVC,METERAN AIR PVC MIAMI,MIAMI,PCS,STD,57500,
580,MTR BJ 3 HS,MTR BJ 3 HS,ROLL METER BANG JO 3 MTR HIOSHI,HIOSHI,LSN,KBB,55062,
581,MTR BJ 5 HS,MTR BJ 5 HS,ROLL METER BANG JO 5 MTR HIOSHI,HIOSHI,LSN,KBB,74727,
582,MTR BJ 7.5 HS,MTR BJ 7.5 HS,"ROLL METER BANG JO 7,5 MTR HIOSHI",HIOSHI,LSN,KBB,129789,
583,MTR HS 3 CLS,MTR HS 3 CLS,ROLL 3 METER HIOSHI ECO CLASSIC,HIOSHI,LSN,KBB,82000,
584,MTR HS 5 CLS,MTR HS 5 CLS,ROLL 5 METER HIOSHI ECO CLASSIC,HIOSHI,LSN,KBB,116000,
585,MTR HS 7.5 CLS,MTR HS 7.5 CLS,"ROLL 7,5 METER HIOSHI ECO CLASSIC",HIOSHI,LSN,KBB,206250,
586,MTR JLN 100M,MTR JLN 100M,ROLL MTR FIBER 100 M (METERAN JALAN),HIOSHI,PCS,KBB,53259.370000000003,
587,MTR JLN 30M,MTR JLN 30M,METERAN JALAN 30 MTR TOKIO,TOKIO,PCS,NAS,20000,
588,MTR JLN 50M,MTR JLN 50M,ROLL MTR FIBER 50 M (METERAN JALAN),HIOSHI,PCS,KBB,40000,
589,MTR MP 3 HS,MTR MP 3 HS,ROLL METER MERAH PUTIH 3 MTR HIOSHI,HIOSHI,LSN,KBB,73625,
590,MTR MP 5 HS,MTR MP 5 HS,ROLL METER MERAH PUTIH 5 MTR HIOSHI,HIOSHI,LSN,KBB,102125,
591,MTR MP 7.5 HS,MTR MP 7.5 HS,ROLL METER MERAH PUTIH 7.5 MTR HIOSHI,HIOSHI,LSN,KBB,190000,
592,MTR OTM 3,MTR OTM 3,ROLL METER OTOMAT 3 MTR HIOSHI,HIOSHI,LSN,KBB,146832,
593,MTR OTM 5,MTR OTM 5,ROLL METER OTOMAT 5 MTR HIOSHI,HIOSHI,LSN,KBB,230736,
594,MTR OTM 7.5,MTR OTM 7.5,"ROLL METER OTOMAT 7,5 MTR HIOSHI",HIOSHI,LSN,KBB,464550,
595,MTR TRSP 5,MTR TRSP 5,ROLL METER TRANSPARAN AXELL 5 MTR,AXELL,LSN,SU,82500,
596,MTR UG3 HS,MTR UG3 HS,ROLL METER UPGRADE 3 MTR HIOSHI,HIOSHI,LSN,KBB,85737.5,
597,MTR UG5 HS,MTR UG5 HS,ROLL METER UPGRADE 5 MTR HIOSHI,HIOSHI,LSN,KBB,92268.75,
598,MTR UG7.5 HS,MTR UG7.5 HS,"ROLL METER UPGRADE 7,5 MTR HIOSHI",HIOSHI,LSN,KBB,198550,
599,MTR VPR 7.5,MTR VPR 7.5,"ROLL METERAN 3 STOP 7,5 MTR VPR",VPR,LSN,MSM,145000,
600,MTRES3,MTRES3,ROLL METER ESSEN 3 MTR,ESSEN,LSN,GMM,118587.84,
601,MTRES3 EXTR,MTRES3 EXTR,ROLL METER EXTREME 3M (AUTOSTOP) HIOSHI,HIOSHI,LSN,KBB,152000,
602,MTRES5,MTRES5,ROLL METER ESSEN 5 MTR,ESSEN,LSN,GMM,210700,
603,MTRES5 EXTR,MTRES5 EXTR,ROLL METER EXTREME 5M (AUTOSTOP) HIOSHI,HIOSHI,LSN,KBB,194750,
604,"MTRES7,5","MTRES7,5","ROLL METER ESSEN 7,5",ESSEN,LSN,GMM,367500,
605,MTRHS5 ECO,MTRHS5 ECO,ROLL 5 MTR HIOSHI ECO,HIOSHI,LSN,KBB,87875,
606,MURTD1/2,MURTD1/2,MUR TANDON 1/2 X 3/4,,PCS,STD,2000,
607,MURTD3/4,MURTD3/4,MUR TANDON 3/4 X 1,,PCS,STD,2650,
608,OB HP TORA,OB HP TORA,OBENG HP TORA,TORA,SET,SMM,67754.5,
609,OB KTK HS,OB KTK HS,OBENG KETOK KARET 2800 HIOSHI,HIOSHI,PCS,KBB,47369.959999999999,
610,OB MT ANGIN,OB MT ANGIN,OBENG MATA ANGIN PH2,BOSCH,PAK,RKW,101300,
611,OBB EXT4,OBB EXT4,OBENG BOLAK BALIK / OBB EXTREME 4',HIOSHI,LSN,KBB,74100,
612,OBB USA 4,OBB USA 4,"OBENG BOLAK BALIK / OBB USA 4"" MAXTECH",MAXTECH,LSN,STD,49500,
613,OBB USA HSJ,OBB USA HSJ,OBENG BOLAK BALIK / OBB USA HSJ,HSJ,LSN,MSM,37500,
614,OBB USA LEON,OBB USA LEON,OBENG BOLAK BALIK / OBB USA LEON,LEON,LSN,NIB,42000,
615,OBBPVC290,OBBPVC290,OBENG 2 WAY / OBB WARNA N0.290 3X5 HIOSHI,HIOSHI,LSN,KBB,23750,
616,OBBPVC3,OBBPVC3,OBENG 2 WAY WARNA PLASTIK 3X5 HIOSHI,HIOSHI,LSN,KBB,21591,
617,OVPL 2 GM,OVPL 2 GM,"OVERVAL PLAT GOMEO 2""",GOMEO,LSN,NIB,12250,
618,OVPL 2.5 GM,OVPL 2.5 GM,"OVERVAL PLAT GOMEO 2.5""",GOMEO,LSN,NIB,13500,
619,OVPL 3 GM,OVPL 3 GM,"OVERVAL PLAT GOMEO 3""",GOMEO,LSN,NIB,15000,
620,OVPL 4 GM,OVPL 4 GM,"OVERVAL PLAT GOMEO 4""",GOMEO,LSN,NIB,16500,
621,P SPD MINI,P SPD MINI,POMPA SEPEDA MINI XP TOOL,,PCS,STD,12000,
622,P SPD TOKIO,P SPD TOKIO,POMPA SEPEDA PEG PVC TOKIO,TOKIO,PCS,NAS,32500,
623,P SPD VPR,P SPD VPR,POMPA SEPEDA + MTR CHROME VPR,VPR,PCS,MSM,36500,
624,PAHATKY1,PAHATKY1,TATAH GG KARET 5/16 MAXTECH,MAXTECH,LSN,STD,157500,
625,PAHATKY2,PAHATKY2,TATAH GG KARET 1/4 MAXTECH,MAXTECH,LSN,STD,155455,
626,PAHATKY3,PAHATKY3,TATAH GG KARET 5/8 MAXTECH,MAXTECH,LSN,STD,238500,
627,PAHATKY4,PAHATKY4,TATAH GG KARET 3/4 MAXTECH,MAXTECH,LSN,STD,261000,
628,PAHATKY5,PAHATKY5,TATAH GG KARET 1.1/4 MAXTECH,MAXTECH,LSN,STD,297000,
629,PAHATKY6,PAHATKY6,TATAH GG KARET 1.1/2 MAXTECH,MAXTECH,LSN,STD,241364,
630,PAHATKY7,PAHATKY7,TATAH GG KARET 3/8 MAXTECH,MAXTECH,LSN,STD,220500,
631,PAHATKY8,PAHATKY8,TATAH GG KARET 1/2 MAXTECH,MAXTECH,LSN,STD,229500,
632,PAHATKY9,PAHATKY9,TATAH GG KARET 1 MAXTECH,MAXTECH,LSN,STD,279000,
633,PB GDO100,PB GDO100,PAKU BETON GDO 100,GDO,BOX,BI,51772.660000000003,
634,PB GDO120,PB GDO120,PAKU BETON GDO 120,GDO,BOX,BI,68000,
635,PB GDO20,PB GDO20,PAKU BETON GDO 20,GDO,BOX,BI,5407.6999999999998,
636,PB GDO25,PB GDO25,PAKU BETON GDO 25,GDO,BOX,BI,0,
637,PB GDO30,PB GDO30,PAKU BETON GDO 30,GDO,BOX,BI,7727.3500000000004,
638,PB GDO40,PB GDO40,PAKU BETON GDO 40,GDO,BOX,BI,13136.75,
639,PB GDO50,PB GDO50,PAKU BETON GDO 50,GDO,BOX,BI,17772.73,
640,PB GDO60,PB GDO60,PAKU BETON GDO 60,GDO,BOX,BI,24721.240000000002,
641,PB GDO70,PB GDO70,PAKU BETON GDO 70,GDO,BOX,BI,29363.669999999998,
642,PB GDO80,PB GDO80,PAKU BETON GDO 80,GDO,BOX,BI,41727.269999999997,
643,PB KNG 1.1/2 HS,PB KNG 1.1/2 HS,PAKU BETON KUNING 1.1/2 HIOSHI (250GR),HIOSHI,BOX,KBB,9089.6000000000004,
644,PB KNG 1.1/4 HS,PB KNG 1.1/4 HS,PAKU BETON KUNING 1.1/4 HIOSHI (250GR),HIOSHI,BOX,KBB,9089.6000000000004,
645,PB KNG 2 HS,PB KNG 2 HS,PAKU BETON KUNING 2 HIOSHI (250GR),HIOSHI,BOX,KBB,9089.6000000000004,
646,PB KNG 3 HS,PB KNG 3 HS,PAKU BETON KUNING 3 HIOSHI (250GR),HIOSHI,BOX,KBB,9089.6000000000004,
647,PB KNG1.1/2,PB KNG1.1/2,PAKU BETON KUNING 1.1/2 TORA,TORA,BOX,SMM,13871,
648,PB KNG2,PB KNG2,PAKU BETON KUNING 2 TORA,TORA,BOX,SMM,19206,
649,PB KNG3,PB KNG3,PAKU BETON KUNING 3 TORA,TORA,BOX,SMM,25608,
650,PBH 100,PBH 100,PAKU BETON HITAM 100 HIOSHI,HIOSHI,BOX,KBB,20500,
651,PBH 125,PBH 125,PAKU BETON HITAM 125 HIOSHI,HIOSHI,BOX,KBB,16397.299999999999,
652,PBH 20,PBH 20,PAKU BETON HITAM 20 HIOSHI,HIOSHI,BOX,KBB,16031.25,
653,PBH 25,PBH 25,PAKU BETON HITAM 25 HIOSHI,HIOSHI,BOX,KBB,16031.25,
654,PBH 30,PBH 30,PAKU BETON HITAM 30 HIOSHI,HIOSHI,BOX,KBB,20500,
655,PBH 30 250GR,PBH 30 250GR,PAKU BETON HITAM 30 (250 GR),HIOSHI,BOX,KBB,9089.6000000000004,
656,PBH 40,PBH 40,PAKU BETON HITAM 40 HIOSHI,HIOSHI,BOX,KBB,20500,
657,PBH 40 250GR,PBH 40 250GR,PAKU BETON HITAM 40 (250 GR),HIOSHI,BOX,KBB,9089.6000000000004,
658,PBH 50,PBH 50,PAKU BETON HITAM 50 HIOSHI,HIOSHI,BOX,KBB,22550,
659,PBH 50 250GR,PBH 50 250GR,PAKU BETON HITAM 50 (250 GR),HIOSHI,BOX,KBB,9089.6000000000004,
660,PBH 63,PBH 63,PAKU BETON HITAM 60 HIOSHI,HIOSHI,BOX,KBB,20500,
661,PBH 70,PBH 70,PAKU BETON HITAM 70 HIOSHI,HIOSHI,BOX,KBB,20500,
662,PBH 70 250GR,PBH 70 250GR,PAKU BETON HITAM 70 (250 GR),HIOSHI,BOX,KBB,9089.6000000000004,
663,PBHD1,PBHD1,"PAKU BETON PUTIH HD 1""",HIOSHI,BOX,KBB,9089.6000000000004,
664,PBHD1.1/2,PBHD1.1/2,"PAKU BETON PUTIH HD 1.1/2""",HIOSHI,BOX,KBB,22550,
665,PBHD1.1/4,PBHD1.1/4,"PAKU BETON PUTIH HD 1.1/4""",HIOSHI,BOX,KBB,9089.6000000000004,
666,PBHD2,PBHD2,"PAKU BETON PUTIH HD 2""",HIOSHI,BOX,KBB,9089.6000000000004,
667,PBHD2.1/2,PBHD2.1/2,"PAKU BETON PUTIH HD 2.1/2""",HIOSHI,BOX,KBB,18050,
668,PBHD3,PBHD3,"PAKU BETON PUTIH HD 3""",HIOSHI,BOX,KBB,9089.6000000000004,
669,PBHD4,PBHD4,"PAKU BETON PUTIH HD 4""",HIOSHI,BOX,KBB,22550,
670,PENGKI HLM,PENGKI HLM,PENGKI WARNA HELMUT,HELMUT,LSN,SPS,81000,
671,PENGKI RYR,PENGKI RYR,PENGKI REYNER,REYNER,LSN,NIB,81000,
672,PK KALSI MTR,PK KALSI MTR,PAKU KALSIBOARD MATRIX,MATRIX,BOX,SU,16750,
673,PK KALSI VPR,PK KALSI VPR,PAKU KALSIBOARD 1',VPR,BOX,SMSL,16000,
674,PK RV SIP 435,PK RV SIP 435,PAKU RIVET SIP 435,,BOX,SUARI,52500,
675,PK RV SIP 440,PK RV SIP 440,PAKU RIVET SIP 440,,BOX,SUARI,60500,
676,PK RV SIP 450,PK RV SIP 450,PAKU RIVET SIP 450,,BOX,SUARI,61000,
677,PK RV SIP 540,PK RV SIP 540,PAKU RIVET SIP 540,,BOX,SUARI,87000,
678,PK RV SIP 550,PK RV SIP 550,PAKU RIVET SIP 550,,BOX,SUARI,78000,
679,PK SG ER2,PK SG ER2,"PAKU SENG ERDOS 2""",ERDOS,DOS,MSM,120000,
680,PK SG GRT2,PK SG GRT2,"PAKU SENG GRT 2""",GRT,DOS,SMSL,106500,
681,PL BDM 2LB,PL BDM 2LB,PALU BODEM 2 LB HIOSHI,HIOSHI,PCS,KBB,51656.25,
682,PL KMB 12P,PL KMB 12P,PALU KAMBING 12OZ P VPR,VPR,LSN,MSM,215000,
683,PL KMB 12R,PL KMB 12R,PALU KAMBING 12OZ R VPR,VPR,LSN,MSM,220000,
684,PL KMB 16P,PL KMB 16P,PALU KAMBING 16OZ P VPR,VPR,LSN,MSM,245000,
685,PL KMB 16R,PL KMB 16R,PALU KAMBING 16OZ R VPR,VPR,LSN,MSM,250000,
686,PL KMB 8P,PL KMB 8P,PALU KAMBING 8OZ P VPR,VPR,LSN,MSM,185000,
687,PL KMB 8R,PL KMB 8R,PALU KAMBING 80Z R VPR,VPR,LSN,MSM,190000,
688,PL MINI 8OZ,PL MINI 8OZ,PALU MINI 8OZ YUSTAR,YUSTAR,LSN,HHH,166250,
689,PL PP 12R,PL PP 12R,PALU KAMBING PIPA 12OZ R YUSTAR,YUSTAR,PCS,HHH,17860,
690,PL PP 8R,PL PP 8R,PALU KAMBING PIPA 8OZ R YUSTAR,YUSTAR,PCS,HHH,15040,
691,PL RADAR ST70,PL RADAR ST70,PELAMPUNG RADAR ST70,,PCS,STD,38000,
692,PLBOLAKNG1/2,PLBOLAKNG1/2,PELAMPUNG BOLA KUNINGAN 1/2,HIOSHI,PCS,KBB,64676,
693,PLBOLAKNG3/4,PLBOLAKNG3/4,PELAMPUNG BOLA KUNINGAN 3/4,HIOSHI,PCS,KBB,69920,
694,PLMP L SC07,PLMP L SC07,PELAMPUNG L SC-07 ISCO,ISCO,PCS,STD,20000,
695,PLMP T SC07,PLMP T SC07,PELAMPUNG T SC-07 ISCO,ISCO,PCS,STD,20000,
696,PLMPG SC70,PLMPG SC70,PELAMPUNG WATERLEVEL ST70 ISCO,ISCO,PCS,STD,40000,
697,PMP CLP SAN EI,PMP CLP SAN EI,POMPA CELUP SAN EI 135 NON AUTO,SAN EI,PCS,STD,490000,
698,PMP OT SC-125,PMP OT SC-125,POMPA OTOMATIS SC-125 TEXAS,TEXAS,PCS,STD,29000,
699,PMP OT SC125 1/4,PMP OT SC125 1/4,OTOMATIS POMPA SC-125 1/4 ISCO,ISCO,PCS,STD,26000,
700,PMP OT SC125 IS,PMP OT SC125 IS,OTOMATIS POMPA SC-125 3/8 ISCO,ISCO,PCS,STD,26000,
701,PMP OT SC130 IS,PMP OT SC130 IS,POMPA OTOMATIS SC-130 ISCO,ISCO,PCS,STD,27000,
702,POT HLMT,POT HLMT,POT HELMUT HYPER 45,HELMUT,LSN,SPS,525200.14000000001,
703,PR CTRL PUMP,PR CTRL PUMP,PRESS CONTROL / AUTOMATIC PUMP,TORA,PCS,SMM,288750,
704,PRES CTRL,PRES CTRL,PRESSURE CONTROL SC88 ISCO,ISCO,PCS,STD,220000,
705,PTKC TC59,PTKC TC59,ALAT POTONG KACA TC-59 TOYO,TOYO,PCS,SA,11400,
706,PTPP STRS,PTPP STRS,ALAT POTONG PIPA PVC STRAUSS,STRAUSS,PCS,LGA,34639,
707,RASKAM KZ,RASKAM KZ,RASKAM KAZOET (GARIS),KAZOET,LSN,SU,52500,
708,RASKAM RYN,RASKAM RYN,RASKAM REYNER PTH,,LSN,NIB,122000,
709,RD 3,RD 3,RODA ONLY 3',,PCS,NAS,5750,
710,RD 4,RD 4,RODA ONLY 4',,PCS,NAS,9500,
711,RD 6,RD 6,RODA ONLY 6',,PCS,NAS,23500,
712,RD 8,RD 8,RODA ONLY 8',,PCS,NAS,33000,
713,RD BLT RRT,RD BLT RRT,RODA BULAT RRT,,SET,GSS,15500,
714,RD HDP KRT ABU 2,RD HDP KRT ABU 2,"RODA HIDUP KARET ABU 2"" SSS",SSS,PCS,DWS,10500,
715,RD HDP KRT ABU 3,RD HDP KRT ABU 3,"RODA HIDUP KARET ABU 3"" SSS",SSS,PCS,DWS,19250,
716,RD HDP KRT HTM 3,RD HDP KRT HTM 3,"RODA HIDUP KARET HITAM 3"" SSS",SSS,PCS,DWS,9500,
717,RD HDP KRT HTM 4,RD HDP KRT HTM 4,"RODA HIDUP KARET HITAM 4"" SSS",SSS,PCS,DWS,16250,
718,RD HDP KRT HTM 5,RD HDP KRT HTM 5,"RODA HIDUP KARET HITAM 5"" SSS",SSS,PCS,DWS,21875,
719,RD HDP KRT HTM 8,RD HDP KRT HTM 8,"RODA HIDUP KARET HITAM 8"" SSS",SSS,PCS,DWS,57500,
720,RD HDP NY MRH REM 2,RD HDP NY MRH REM 2,"RODA HIDUP NYLON MERAH + REM 2"" SSS",SSS,PCS,DWS,5000,
721,RD HDP NY PTH 2,RD HDP NY PTH 2,RODA HIDUP NYLON PUTIH 2' SSS,SSS,PCS,DWS,3500,
722,RD HDP REM 3,RD HDP REM 3,"RODA HIDUP WITH REM 3"" SSS",SSS,PCS,DWS,15000,
723,RD HDP REM 5,RD HDP REM 5,"RODA HIDUP WITH REM 5"" SSS",SSS,PCS,DWS,28125,
724,RD HDP REM 6,RD HDP REM 6,"RODA HIDUP WITH REM 6"" SSS",SSS,PCS,DWS,61250,
725,RD HDP TK3,RD HDP TK3,RODA KARET HIDUP TOKIO 3',TOKIO,PCS,NAS,11970,
726,RD HDP TK4,RD HDP TK4,RODA KARET HIDUP TOKIO 4',TOKIO,PCS,NAS,20520,
727,RD LORI,RD LORI,RODA LORI BIRU TOKIO 8 AS 25,,PCS,NAS,35625,
728,RD MT HTM 4,RD MT HTM 4,"RODA MATI HITAM 4"" SSS",SSS,PCS,DWS,15250,
729,RD MT HTM 5,RD MT HTM 5,RODA MATI HITAM 5'' SSS,SSS,PCS,DWS,18750,
730,RD MT HTM 6,RD MT HTM 6,"RODA MATI HITAM 6"" SSS",SSS,PCS,DWS,41875,
731,RD MT TK3,RD MT TK3,RODA KARET MATI TOKIO 3',TOKIO,PCS,NAS,10687.5,
732,RD MT TK4,RD MT TK4,RODA KARET MATI TOKIO 4',TOKIO,PCS,NAS,17955,
733,RD PP HDP NY 5,RD PP HDP NY 5,"RODA PP HIDUP NYLON 5"" SSS",SSS,PCS,DWS,24000,
734,RD PP MT NY 5,RD PP MT NY 5,"RODA PP MATI NYLON 5"" SSS",SSS,PCS,DWS,20500,
735,RD REM 3,RD REM 3,RODA KARET REM (MERAH) TOKIO 3',TOKIO,PCS,NAS,16200,
736,RD REM 4,RD REM 4,RODA KARET REM (MERAH) TOKIO 4',TOKIO,PCS,NAS,18382.5,
737,RD REM 6,RD REM 6,RODA KARET REM TOKIO 6',,PCS,NAS,68000,
738,RD REM MR 2,RD REM MR 2,"RODA 2"" REM MERAH (DB) SSS",SSS,PCS,DWS,10331.25,
739,RDBR HVDT 6,RDBR HVDT 6,"RODA ONLY BIRU HV DUTY 6"" GLX",GLX,PCS,GSS,31000,
740,RDBR HVDT 8,RDBR HVDT 8,"RODA ONLY BIRU HV DUTY 8"" GLX",GLX,PCS,GSS,41000,
741,RDGP MRH,RDGP MRH,RODA GEPENG/KARET MERAH,,SET,GSS,19000,
742,RDGP PTH,RDGP PTH,RODA GEPENG PUTIH,,SET,GSS,18000,
743,RDGP PVC MATI,RDGP PVC MATI,RODA GEPENG PVC MATI TOKIO,TOKIO,SET,NAS,13000,
744,RDMT GUNDUL,RDMT GUNDUL,RODA / BAN MATI GUNDUL,,PCS,HHH,59850,
745,RDMT IGM,RDMT IGM,RODA / BAN MATI IGM,IGM,PCS,IGM,77272.729999999996,
746,RDMT LUMBA,RDMT LUMBA,RODA / BAN MATI LUMBA2,LUMBA LUMBA,PCS,HHH,59850,
747,RDMT SAN,RDMT SAN,RODA / BAN MATI SANSHAN,SANSHAN,PCS,SA,85500,
748,RDMT TEX,RDMT TEX,RODA / BAN MATI TEXAS WARNA,TEXAS,PCS,STD,85000,
749,RMP HJ,RMP HJ,ROMPI JARING HIJAU,,PCS,SMT,6250,
750,RMP ORG,RMP ORG,ROMPI JARING ORANGE,,PCS,SMT,6250,
751,RT M2850,RT M2850,ROUTER M2850,MODERN,PCS,GMM,736250,
752,RTAJ KL2.5,RTAJ KL2.5,RANTAI ANJING KALEP 2.5 MM,,LSN,GSS,103500,
753,RTAJ KL3,RTAJ KL3,RANTAI ANJING KALEP 3 MM,,LSN,GSS,121500,
754,S AIR PVC03,S AIR PVC03,SEMPROTAN AIR PLASTIK 03,HIOSHI,PCS,KBB,25236.75,
755,S TAPE 1/2 HS,S TAPE 1/2 HS,SEALTAPE ECO 12X10 (1/2) HIOSHI,HIOSHI,PCS,KBB,926.25,
756,SEAL DAB,SEAL DAB,SEAL DAB 125 KOTAK,ISCO,PCS,STD,3850,
757,SF KE-935,SF KE-935,SIFONE WASTAFEL EXECUTIVE KE-935,ECEXUTIVE,PCS,BI,43000,
758,SF PVC 1.1/4,SF PVC 1.1/4,"SIFONE PVC GLX 1.1/4""",GLX,SET,GSS,14750,
759,SGT SS ISCO,SGT SS ISCO,SARINGAN GOT TEBAL S/S ISCO,ISCO,PCS,STD,26500,
760,SGT SS LEON,SGT SS LEON,SARINGAN GOT S/S LEON,LEON,PCS,NIB,3900,
761,SGYP GRT 1,SGYP GRT 1,"SKRUP GYPSUM GRT 1""",GRT,BOX,SMSL,10250,
762,SGYP GRT 1.1/2,SGYP GRT 1.1/2,"SKRUP GYPSUM GRT 1.1/2""",GRT,BOX,SMSL,10250,
763,SGYP GRT 1.1/4,SGYP GRT 1.1/4,"SKRUP GYPSUM GRT 1.1/4""",GRT,BOX,SMSL,10250,
764,SGYP GRT 2,SGYP GRT 2,"SKRUP GYPSUM GRT 2""",GRT,BOX,SMSL,10250,
765,SHW KT,SHW KT,SHOWER KOTAK TEMBOK SKL,SKL,PCS,SDL,31191.080000000002,
766,SIL ALLM,SIL ALLM,SILINDER ALLUMINIUM,,PCS,SUARI,21000,
767,SILBLCK,SILBLCK,LEM SILICONE BLACK HIOSHI,HIOSHI,PCS,KBB,17812.5,
768,SILCLR,SILCLR,LEM SILICONE CLEAR HIOSHI,HIOSHI,PCS,KBB,17812.5,
769,SILWHT,SILWHT,LEM SILICONE WHITE HIOSHI,HIOSHI,PCS,KBB,17812.5,
770,SK MGNT 3,SK MGNT 3,"SIKU MAGNET LAS 3"" TOKIO",TOKIO,PCS,NAS,12500,
771,SK TR M2700,SK TR M2700,SAKLAR TRIMMER M2700,MODERN,PCS,GMM,4000,
772,SKP AMICO,SKP AMICO,SEKOP AMICO,AMICO,LSN,KBB,594320,
773,SKP HS,SKP HS,SEKOP ECO PAPAK HIOSHI,HIOSHI,LSN,KBB,506250,
774,SKR FB 3 CH,SKR FB 3 CH,"SKRAP GAGANG FIBER 3"" CHIYO",CHIYO,LSN,MSM,41000,
775,SKR GYP 1,SKR GYP 1,SKRUP GYPSUM 1' HIOSHI,HIOSHI,KG ,KBB,27500,
776,SKR GYP 1 LMB,SKR GYP 1 LMB,"SKRUP GYPSUM 6 X 1"" LUMBA2",LUMBA LUMBA,COL,IKS,630000,
777,SKR GYP 1.1/2 LMB,SKR GYP 1.1/2 LMB,"SKRUP GYPSUM 6 X 1.1/2"" LUMBA2",LUMBA LUMBA,COL,IKS,630000,
779,SKR GYP 2 LMB,SKR GYP 2 LMB,"SKRUP GYPSUM 6 X 2"" LUMBA2",LUMBA LUMBA,COL,IKS,630000,
780,SKR KRT 2,SKR KRT 2,SKRAP GG KARET 2 YOZURI,,LSN,STS,58055.449999999997,
781,SKR KRT 2 1/2,SKR KRT 2 1/2,SKRAP GG KARET 2 1/2 YOZURI,,LSN,STS,61180,
782,SKR KRT 2 CH,SKR KRT 2 CH,SKRAP GG KARET 2 CHIYO,,LSN,MSM,36000,
783,SKR KRT 2.1/2 CH,SKR KRT 2.1/2 CH,SKRAP GG KARET 2.1/2 CHIYO,CHIYO,LSN,MSM,38500,
784,SKR KRT 3,SKR KRT 3,SKRAP GG KARET 3 YOZURI,,LSN,STS,63365,
785,SKR KRT 3 CH,SKR KRT 3 CH,SKRAP GG KARET 3 CHIYO,,LSN,MSM,41000,
786,SKR KRT 4 CH,SKR KRT 4 CH,SKRAP GG KARET 4 CHIYO,,LSN,MSM,46000,
787,SKR KY 1.5,SKR KY 1.5,"SKRAP GG KAYU 1,5",,LSN,STS,20187.5,
788,SKR KY 2.5,SKR KY 2.5,"SKRAP GG KAYU 2,5",,PCS,STS,22325,
789,SKR KY 3,SKR KY 3,SKRAP GG KAYU 3,,LSN,STS,24082.5,
790,SKR PVC 5,SKR PVC 5,SKRAP PVC 5' ZELIG,ZELIG,PCS,MC,535,
791,SKR PVC 7,SKR PVC 7,SKRAP PVC 7' ZELIG,ZELIG,PCS,MC,905,
792,SKR PVC 9,SKR PVC 9,SKRAP PVC 9' ZELIG,ZELIG,PCS,MC,1410,
793,SKR SET SS,SKR SET SS,SKRAP SET S/S KOALA,KOALA,SET,GSS,18000,
794,SKRP CHW 1,SKRP CHW 1,SKRUP CHW 1,,BOX,SUARI,3650,
795,SKRP CHW 1.1/2,SKRP CHW 1.1/2,SKRUP CHW 1.1/2,,PCS,SUARI,6400,
796,SKRP CHW 1.1/4,SKRP CHW 1.1/4,SKRUP CHW 1.1/4,,PCS,SUARI,4550,
797,SKRP CHW 3/4,SKRP CHW 3/4,SKRUP CHW 3/4,,BOX,SUARI,3350,
798,SKRP CHW 5/8,SKRP CHW 5/8,SKRUP CHW 5/8,,BOX,SUARI,2700,
799,SKRP SIP 5/8,SKRP SIP 5/8,SKRUP SIP 5/8 X 5,SIP,GR ,SUARI,5350,
800,SKT BAJA,SKT BAJA,SIKAT KAWAT BAJA 6 BARIS GDO / NISHIO,GDO,LSN,GPS,39000,
801,SKT KNG 8,SKT KNG 8,SIKAT KAWAT KUNING 8',EAGLE,LSN,STS,34250,
802,SKT KNG VG,SKT KNG VG,SIKAT KUNING BENGKOK VEGAZ,VEGAZ,LSN,VJP,45100,
803,SKT MGK,SKT MGK,"SIKAT MANGKOK KN 3'"" OWNER",OWNER,PCS,STS,5080.1199999999999,
804,SKT MGK KING,SKT MGK KING,SIKAT MANGKOK KING,,PCS,HHH,4650,
805,SKTBJ KNG PVC,SKTBJ KNG PVC,SIKAT BAJA KUNING BENGKOK PLASTIK TOKIO,,LSN,NAS,50000,
806,SKTBJ PVC HTM,SKTBJ PVC HTM,SIKAT BAJA GG PLASTIK HITAM TOKIO 6 JL,,LSN,NAS,42750,
807,SKTKG 12 SS,SKTKG 12 SS,"SIKU TUKANG STAINLESS 12"" VPR JUMBO",VPR,LSN,MSM,145000,
808,SL BAK BR,SL BAK BR,SLONTONG BAK BIRU 3/4,MITSUTOYO,LSN,SU,13500,
809,SL BAK BR 1,SL BAK BR 1,"SLONTONG BAK BIRU 1""",MITSUTOYO,LSN,SU,26000,
810,SL BAK HJ,SL BAK HJ,SLONTONG BAK HIJAU 3/4,MITSUTOYO,LSN,SU,12500,
811,SL BAK PK,SL BAK PK,SLONTONG BAK PINK 3/4,MITSUTOYO,LSN,SU,13500,
812,SL BAK PK 1,SL BAK PK 1,"SLONTONG BAK PINK 1""",MITSUTOYO,LSN,SU,26000,
813,SL FLX 30,SL FLX 30,SELANG FLEXIBEL 30 CM ISCO,ISCO,PCS,STD,9000,
814,SL FLX 40,SL FLX 40,SELANG FLEXIBEL 40 CM ISCO,ISCO,PCS,STD,10000,
815,SL FLX 50,SL FLX 50,SELANG FLEXIBEL 50 CM ISCO,ISCO,PCS,STD,11000,
816,SL MSN CC 1.5,SL MSN CC 1.5,"SELANG MESIN CUCI 1,5 MTR HPP",HPP,PCS,SU,14250,
817,SL PP TBG,SL PP TBG,SELANG POMPA TABUNG TOKIO,TOKIO,PCS,NAS,4000,
818,SLG SHW FLX,SLG SHW FLX,SELANG SHOWER FLEXIBLE,,PCS,VJP,22000,
819,SLND KCB IS,SLND KCB IS,SILINDER KUNCI BESAR ISCO,ISCO,LSN,STD,225000,
820,SLND KCK IS,SLND KCK IS,SILINDER KUNCI KECIL/TGG ISCO,ISCO,LSN,STD,212500,
821,SLOTBT MDRN 3,SLOTBT MDRN 3,SLOTING BITS MODERN 3MM,HIOSHI,PCS,SUARI,18500,
822,SPRYGUN ISCO,SPRYGUN ISCO,SPRAY GUN F75G ISCO,ISCO,PCS,STD,82000,
823,SPRYGUN MTCH,SPRYGUN MTCH,SPRAY GUN F75G MAXTECH,MAXTECH,PCS,STD,82000,
824,SR10X12,SR10X12,SIKU RAK 10 X 12 GDO,GDO,LSN,GPS,62500,
825,SR10X12 NI,SR10X12 NI,SIKU RAK 10 X 12,,LSN,NIB,65000,
826,SR10X12 PTH,SR10X12 PTH,SIKU RAK PUTIH 10 X 12 GRT,GRT,LSN,SMSL,55575,
827,SR12X14,SR12X14,SIKU RAK 12 X 14 GDO,GDO,LSN,GPS,95000,
828,SR12X14 MJ,SR12X14 MJ,SIKU RAK 12 X 14 MJP,MJP,LSN,NIB,75000,
829,SR12X14 NI,SR12X14 NI,SIKU RAK 12 X 14,,LSN,NIB,83500,
830,SR12X14 PTH,SR12X14 PTH,SIKU RAK PUTIH 12 X 14 GRT,GRT,LSN,SMSL,68875,
831,SR5X6 PTH,SR5X6 PTH,SIKU RAK PUTIH 5 X 6 GRT,GRT,LSN,SMSL,20900,
832,SR5X6 PTH KR,SR5X6 PTH KR,SIKU RAK PUTIH 5 X 6 KR,KURA,LSN,KS,29400,
833,SR6X8,SR6X8,SIKU RAK 6 X 8 GDO,GDO,LSN,NIB,43500,
834,SR6X8 NI,SR6X8 NI,SIKU RAK 6 X 8,,LSN,NIB,30455,
835,SR6X8 PTH,SR6X8 PTH,SIKU RAK PUTIH 6 X 8 GRT,GRT,LSN,SMSL,27075,
836,SR8X10,SR8X10,SIKU RAK 8 X 10 GDO,GDO,LSN,GPS,44000,
837,SR8X10 MJ,SR8X10 MJ,SIKU RAK 8 X 10 MJP,,LSN,NIB,52500,
838,SR8X10 PROF,SR8X10 PROF,SIKU RAK 8 X 10 PROFIX,PROFIX,LSN,NIB,35000,
839,SR8X10 PTH,SR8X10 PTH,SIKU RAK PUTIH 8 X 10 GRT,GRT,LSN,SMSL,35625,
840,SR8X10 PTH KR,SR8X10 PTH KR,SIKU RAK PUTIH 8 X 10 KR,KURA,LSN,KS,38500,
841,SRG TGN BT,SRG TGN BT,SARUNG TANGAN BINTIK MTHR,MATAHARI,LSN,MSI,25000,
842,SRG TGN BT HS,SRG TGN BT HS,SARUNG TANGAN BINTIK HIOSHI,HIOSHI,LSN,KBB,29716,
843,SRG TGN BT HTM,SRG TGN BT HTM,SARUNG TANGAN BINTIK HITAM MTHR,MATAHARI,LSN,MSI,23000,
844,SRG TGN PL HS,SRG TGN PL HS,SARUNG TANGAN POLOS HIOSHI,HIOSHI,LSN,KBB,22724,
845,STGRHD1,STGRHD1,STANG GRAJI BESI HD-1 HIOSHI,HIOSHI,PCS,KBB,21312.5,
846,STGRHGG01,STGRHGG01,STANG GRAJI BESI GG KARET HIOSHI,HIOSHI,LSN,KBB,235125,
847,TALI NY 1 MM,TALI NY 1 MM,TALI NYLON 1 MM NICHIE,NICHIE,PAK,NAS,32500,
848,TANG BY,TANG BY,TANG BUAYA 2 TONE 10' (BULAT),HIOSHI,PCS,KBB,34200,
849,TANG GNTG,TANG GNTG,TANG GANTUNG SATIN KOMBINASI 7',HIOSHI,PCS,KBB,26220,
850,TANG KOM6,TANG KOM6,TANG KOMBINASI ESSEN 6',ESSEN,PCS,GMM,20636,
851,TANG KOM8,TANG KOM8,TANG KOMBINASI ESSEN 8',ESSEN,PCS,GMM,27273,
852,TANG KOM8 YS,TANG KOM8 YS,TANG KOMBINASI 8' YUSTAR ( TANG BC ),YUSTAR,PCS,HHH,9635,
853,TANG KP KBL,TANG KP KBL,TANG KUPAS KABEL TORA,TORA,PCS,SMM,29000,
854,TANG LAS,TANG LAS,TANG LAS MDL AMERICA NICHIE 800A / STANG LAS,NICHIE,PCS,NAS,27500,
855,TANG LAS K,TANG LAS K,TANG LAS RHINO 200 A / STANG LAS K,,PCS,NAS,17500,
856,TANG LCP 6,TANG LCP 6,"TANG LANCIP 6"" HIOSHI",HIOSHI,PCS,KBB,23598,
857,TANG PTG 6,TANG PTG 6,TANG POTONG 6',HIOSHI,PCS,KBB,23598,
858,TANG RVT,TANG RVT,TANG RIVET OTOMATIS KW 1 CAMEL,CAMEL,PCS,PTMS,52273,
859,TANG RVT HS,TANG RVT HS,"TANG RIVET 11,5 HIOSHI",HIOSHI,PCS,KBB,39187.5,
860,TANG RVT HS10,TANG RVT HS10,"TANG RIVET 10,5 HIOSHI",HIOSHI,PCS,KBB,31464,
861,TANG RVT HST,TANG RVT HST,TANG RIVET HASSTON,HASSTON,PCS,CPI,46640,
862,TANGMNHSH,TANGMNHSH,"TANG POTONG MINI 4,5 ORANYE HIOSHI",HIOSHI,PCS,KBB,10450,
863,TCT MDRN,TCT MDRN,"TCT SAW BLADE 4""X24T (MATA SERKEL)",MODERN,PCS,MT,12600,
864,TIMB BLT 10KG,TIMB BLT 10KG,TIMBANGAN BULAT 10 KG HIOSHI ECO HTD001B,HIOSHI,PCS,KBB,114712.5,
865,TIMB BLT 15KG,TIMB BLT 15KG,TIMBANGAN BULAT 15 KG HIOSHI ECO HTD001C,HIOSHI,PCS,KBB,114712.5,
866,TIMB BLT 20KG,TIMB BLT 20KG,TIMBANGAN BULAT 20 KG HIOSHI ECO,HIOSHI,PCS,KBB,114712.5,
867,TIMB BLT 5KG,TIMB BLT 5KG,TIMBANGAN BULAT 5 KG HIOSHI ECO,HIOSHI,PCS,KBB,133000,
868,TIMB GNT 100KG,TIMB GNT 100KG,TIMBANGAN GANTUNG 100KG HIOSHI,HIOSHI,PCS,KBB,69920,
869,TIMB GNT 50KG,TIMB GNT 50KG,TIMBANGAN GANTUNG 50KG HIOSHI,HIOSHI,PCS,KBB,69920,
870,TMBK LEM,TMBK LEM,ALAT TEMBAKAN LEM CROP TEBAL STRAUSS,,PCS,LGA,22003.799999999999,
871,TMBK LEM TK,TMBK LEM TK,TEMBAKAN LEM TEBAL TOKIO,TOKIO,PCS,NAS,17500,
872,TR COM GDO,TR COM GDO,TARIKAN COM GDO GT001/ DOOR HANDLE,GDO,PCS,BI,12363.639999999999,
873,TR LACI 6,TR LACI 6,"TARIKAN LACI 6""",KZK,LSN,BS,25000,
874,TR PTKY ISCO,TR PTKY ISCO,TARIKAN PINTU KAYU ISCO,ISCO,SET,STD,36500,
875,TTH FBGT 1,TTH FBGT 1,TATAH FIBER GANTUNG 1 (25MM) HIOSHI,HIOSHI,LSN,KBB,209475,
876,TTH FBGT 1.1/2,TTH FBGT 1.1/2,TATAH FIBER GANTUNG 1.1/2 (38MM) HIOSHI,HIOSHI,LSN,KBB,235980,
877,TTH FBGT 1.1/4,TTH FBGT 1.1/4,TATAH FIBER GANTUNG 1.1/4 (32MM) HIOSHI,HIOSHI,LSN,KBB,222300,
878,TTH FBGT 1/2,TTH FBGT 1/2,TATAH FIBER GANTUNG 1/2 (13MM) HIOSHI,HIOSHI,LSN,KBB,183825,
879,TTH FBGT 3/4,TTH FBGT 3/4,TATAH FIBER GANTUNG 3/4 (20MM) HIOSHI,HIOSHI,LSN,KBB,200925,
880,TTH FBGT 3/8,TTH FBGT 3/8,TATAH FIBER GANTUNG 3/8 (10MM) HIOSHI,HIOSHI,LSN,KBB,173052,
881,TTH FBGT 5/8,TTH FBGT 5/8,TATAH FIBER GANTUNG 5/8 (16MM) HIOSHI,HIOSHI,LSN,KBB,196650,
882,TTK AMP K,TTK AMP K,TATAKAN AMPLAS KASAR,,PCS,NIB,2775,
883,VAN BELT TORA,VAN BELT TORA,VAN BELT TORA,TORA,PCS,SMM,7150,
884,VPR FLEX 18,VPR FLEX 18,MATA GRAJI VPR FLEX 18T,VPR,PCS,MSM,900.89999999999998,
885,VPR FLEX 24,VPR FLEX 24,MATA GRAJI VPR FLEX 24T,VPR,PCS,MSM,900.89999999999998,
886,WATERMUR,WATERMUR,WATERMUR ABU-ABU 1 X 3/4,,PCS,STD,1545,
887,WB SB35,WB SB35,BCP/ WASHBAK ROYAL SB35,ROYAL,PCS,WG,160455,
888,WTRMUR1/2,WTRMUR1/2,WATERMUR BENING 1 X 1/2,,PCS,STD,2409,
889,WTRMUR3/4,WTRMUR3/4,WATERMUR BENING 1 X 3/4,,PCS,STD,2650,
890,SKR GYP 1.1/4 LMB,SKR GYP 1.1/4 LMB,"SKRUP GYPSUM 6 X 1.1/4"" LUMBA2",LUMBA LUMBA,COL,IKS,630000,
891,KC SMRT LOCK,KC SMRT LOCK,KUNCI PINTU SMART LOCK ISCO,ISCO,PCS,STD,750000,
892,RD HDP KRT ABU 2 REM,RD HDP KRT ABU 2 REM,"RODA HIDUP KARET ABU 2"" W/REM SSS",SSS,PCS,DWS,14000,
893,KR TMN CC80 ISCO,KR TMN CC80 ISCO,KRAN TAMAN JEMPOL CC80 ISCO,ISCO,LSN,STD,37500,
894,BDM 4LB YS,BDM 4LB YS,BODEM 4 LB YUSTAR,YUSTAR,PCS,HHH,17200,
895,BDM 8LB YS,BDM 8LB YS,BODEM 8 LB YUSTAR,YUSTAR,PCS,HHH,34400,
896,BDM 10LB YS,BDM 10LB YS,BODEM 10 LB YUSTAR,YUSTAR,PCS,HHH,43000,
897,BDM 12LB YS,BDM 12LB YS,BODEM 12 LB YUSTAR,YUSTAR,PCS,HHH,51600,
898,BDM 14LB YS,BDM 14LB YS,BODEM 14 LB YUSTAR,YUSTAR,PCS,HHH,60200,
899,BDM 16LB YS,BDM 16LB YS,BODEM 16 LB YUSTAR,YUSTAR,PCS,HHH,68800,
900,BDM 6LB YS,BDM 6LB YS,BODEM 6 LB YUSTAR,YUSTAR,PCS,HHH,25800,
901,BDM 18LB YS,BDM 18LB YS,BODEM 18 LB YUSTAR,YUSTAR,PCS,HHH,77400,
902,BDM 20LB YS,BDM 20LB YS,BODEM 20 LB YUSTAR,YUSTAR,PCS,HHH,86000,
903,AMP BLT 80 VPR,AMP BLT 80 VPR,AMPLAS BULAT 80 VPR,VPR,PCS,MSM,265,
904,TALI TR 5 MT,TALI TR 5 MT,TALI TRUCK 5 MTR,,PCS,SMM,27500,
905,BD BITS MDRN 1/4,BD BITS MDRN 1/4,BEADING BITS MODERN 1/4,MODERN,PCS,SUARI,23000,
906,KP BS HTM OWN,KP BS HTM OWN,KUNCI PINTU BESAR HITAM OWNER,OWNER,SET,STS,57500,
907,RD MT RED 2 DB,RD MT RED 2 DB,"RODA MATI MERAH 2"" PPU DB SSS",SSS,PCS,DWS,8431.2399999999998,
908,RD HDP RED 2 DB,RD HDP RED 2 DB,"RODA HIDUP MERAH 2"" PPU DB SSS",SSS,PCS,DWS,10331.24,
909,RD HDP ABU 3,RD HDP ABU 3,"RODA HIDUP ABU 3"" SSS",SSS,PCS,DWS,19250,
910,KWL1/2PTH GRT,KWL1/2PTH GRT,KAWAT LOKET 1/2 PUTIH PATRI GRT,GRT,ROL,SMSL,760000,
911,KP TGG MU-03,KP TGG MU-03,KUNCI PINTU TGG BABET BULAT MU-03 ISCO,ISCO,PCS,STD,46000,
912,MTR VPR 5,MTR VPR 5,ROLL METER 5 MTR VPR,VPR,LSN,MSM,85000,
913,BAKCAT AWS HTM,BAKCAT AWS HTM,BAK CAT HITAM SUPER AWS,AWS,LSN,NIB,55000,
914,KC RG 14X15 HST,KC RG 14X15 HST,KUNCI RING 14 X 15 HASSTON,HASSTON,PCS,CPI,19950,
915,KC PAS 14X15 HST,KC PAS 14X15 HST,KUNCI PAS 14 X 15 HASSTON,HASSTON,PCS,CPI,14600,
916,CB TIES HTM400,CB TIES HTM400,CABLE TIES HITAM 400,HASSTON,PCS,CPI,29755,
917,CB TIES PTH400,CB TIES PTH400,CABLE TIES PUTIH 400,HASSTON,PCS,CPI,29755,
919,CB TIES PTH500 HS,CB TIES PTH500 HS,CABLE TIES PUTIH 500 HS,HASSTON,PCS,CPI,80465,
920,KOP KACA 1 HEAD,KOP KACA 1 HEAD,KOP KACA 1 HEAD PRESSURE GAUGE,HASSTON,PCS,CPI,218460,
921,RF TUB BAN 200,RF TUB BAN 200,REFILL TUBLES BAN 200MM,HASSTON,PCS,CPI,37565,
922,KC BACO 6,KC BACO 6,"KUNCI BACO 6"" ST HASSTON",HASSTON,PCS,CPI,38335,
923,U ANGIN BAN TG3,U ANGIN BAN TG3,U ANGIN BAN TG3 HASSTON,HASSTON,PCS,CPI,85690,
924,TANG KRT 6 HS,TANG KRT 6 HS,"TANG KARET 6"" HASSTON",HASSTON,PCS,CPI,53020,
925,TANG KRT 7 HS,TANG KRT 7 HS,"TANG KARET 7"" HASSTON",HASSTON,PCS,CPI,60225,
926,KP SOK 8 HS,KP SOK 8 HS,KEPALA SOK 8M S6 HASSTON,HASSTON,PCS,CPI,8690,
927,KP SOK 10 HS,KP SOK 10 HS,KEPALA SOK 10M S6 HASSTON,HASSTON,PCS,CPI,8690,
928,KP SOK 12 HS,KP SOK 12 HS,KEPALA SOK 12M S6 HASSTON,HASSTON,PCS,CPI,8690,
929,KP SOK 14 HS,KP SOK 14 HS,KEPALA SOK 14M S6 HASSTON,HASSTON,PCS,CPI,8690,
930,KP SOK 19 HS,KP SOK 19 HS,KEPALA SOK 19 S6 HASSTON,HASSTON,PCS,CPI,11165,
931,KP SOK 24 HS,KP SOK 24 HS,KEPALA SOK 24M S6 HASSTON,HASSTON,PCS,CPI,14080,
932,KC SOK 10 PS,KC SOK 10 PS,KUNCI SOK 10 PS HASSTON,HASSTON,PCS,CPI,195415,
933,KC SOK 25 PS,KC SOK 25 PS,KUNCI SOK 25 PS HASSTON,HASSTON,PCS,CPI,703340,
934,AIR DST HS,AIR DST HS,AIR DUSTER 1+3 (THREE IN ONE) HASSTON,HASSTON,PCS,CPI,33990,
935,CB TIES HTM500 HS,CB TIES HTM500 HS,CABLE TIES HITAM 500 HS,HASSTON,PCS,CPI,80465,
936,KP TGG MU-05,KP TGG MU-05,KUNCI PINTU TGG BABET KOTAK MU-05 ISCO,ISCO,PCS,STD,46000,
937,BEARING 20MM TK,BEARING 20MM TK,BEARING GEROBAK PASIRTOKIO 20MM,TOKIO,PCS,NAS,3750,
938,GR KOPI BS 14 TK,GR KOPI BS 14 TK,GERGAJI KOPI GG BESI 14 TOKIO,TOKIO,PCS,NAS,35000,
939,JARUM KR 6 TK,JARUM KR 6 TK,JARUM KARUNG TOKIO 6,TOKIO,PAK,NAS,40000,
940,RDGP HDP PTH TK,RDGP HDP PTH TK,"RODA NYLON PTH HIDUP TOKIO 50MM /2""",TOKIO,SET,NAS,12500,
941,TANG LAS 300A,TANG LAS 300A,TANG LAS MDL ITALY 200-300A NICHIE,NICHIE,PCS,NAS,16500,
942,PMP SMZ PS116,PMP SMZ PS116,POMPA SHIMIZU PS116 BIT,SHIMIZU,PCS,SIM,502503,
951,BC ONDA 1/2,BC ONDA 1/2,KRAN TEMBOK BC 1/2 ONDA,ONDA,PCS,SIM,30450,
952,BL ONDA 3/4 NEW,BL ONDA 3/4 NEW,KRAN TEMBOK BL 3/4 ONDA NEW,ONDA,PCS,SIM,43500,
953,BC ONDA 3/4 NEW,BC ONDA 3/4 NEW,KRAN TEMBOK BC 3/4 ONDA NEW,ONDA,PCS,SIM,61081.25,
954,A801 T ONDA 1/2,A801 T ONDA 1/2,KRAN TEMBOK A 801 T 1/2 ONDA,ONDA,PCS,SIM,62893.75,
955,CLS 02 ONDA 1/2,CLS 02 ONDA 1/2,STOP KRAN CLS 02 ONDA 1/2,ONDA,PCS,SIM,64706.25,
956,A SUS ONDA 1/2,A SUS ONDA 1/2,"KRAN T A-SUS ONDA 1/2""",ONDA,PCS,SIM,88631.669999999998,
957,KRNBSTBK 12OND,KRNBSTBK 12OND,V-TUL FLEXI TEMBOK ONDA,ONDA,PCS,SIM,162762.75,
958,KRNSTFL TEMOND,KRNSTFL TEMOND,"V-SUS FLEXI TEMBOK 1/2"" ONDA",ONDA,PCS,SIM,206987.5,
959,STPKNV637TOND,STPKNV637TOND,"V 637 T ONDA 1/2""",ONDA,PCS,SIM,80112.5,
960,KRNBSTNM12OND,KRNBSTNM12OND,V-TUL FLEXI TANAM ONDA,ONDA,PCS,SIM,154062.5,
961,KRNSTFLTANOND,KRNSTFLTANOND,"V-SUS FLEXI TANAM 1/2"" ONDA",,PCS,,205356.25,
962,KRNSTVSU12OND,KRNSTVSU12OND,"V-SUS TANAM ONDA 1/2""",ONDA,PCS,SIM,148081.25,
963,BSTCHY321COND,BSTCHY321COND,"Y 321 C ONDA 1/2"" (R)",ONDA,PCS,SIM,151888,
964,ACSCHKTU12OND,ACSCHKTU12OND,"K-TUL ONDA 1/2""",ONDA,PCS,SIM,91168.75,
965,MXRSTK406COND,MXRSTK406COND,"K 406 CTG ONDA 1/2""",ONDA,PCS,SIM,146450,
966,MXRSTBT121OND,MXRSTBT121OND,"BATH-TUL ONDA 1/2"" (N)",ONDA,PCS,SIM,504962.5,
967,SWRCHJK036OND,SWRCHJK036OND,JET KUL WHITE ONDA,ONDA,PCS,SIM,83012.5,
968,MXRSTJF08SOND,MXRSTJF08SOND,"JF 08 ST ONDA 1/2"" (ANGLE VALVE)",ONDA,PCS,SIM,79206.25,
969,SWRCHSOTULOND,SWRCHSOTULOND,SO TUL ONDA,ONDA,PCS,SIM,131406.25,
970,SWRCHSO28OND,SWRCHSO28OND,SO KUL ONDA (BLISTER PACK),ONDA,PCS,SIM,128325,
971,ACSPVST172OND,ACSPVST172OND,"SEALTAPE ONDA 1/2"" 10M (ST01)",ONDA,PCS,SIM,3987.5,
972,VLPPVPV22OND,VLPPVPV22OND,"PVCBV ONDA 1/2""",ONDA,PCS,SIM,17943.75,
973,VLPPVPPVC26OND,VLPPVPPVC26OND,"PVCBV ONDA 3/4""",ONDA,PCS,SIM,25918.75,
974,VLPPVPVC32OND,VLPPVPVC32OND,"PVCBV ONDA 1""",ONDA,PCS,SIM,31718.75,
975,VLPPVPVC42OND,VLPPVPVC42OND,"PVCBV ONDA 1-1/4""",ONDA,PCS,SIM,47306.5,
976,VLPPVPVC48OND,VLPPVPVC48OND,"PVCBV ONDA 1-1/2""",ONDA,PCS,SIM,85006.25,
977,VLPPVPVC60OND,VLPPVPVC60OND,"PVCBV ONDA 2""",ONDA,PCS,SIM,91168.75,
978,PK SG ULIR 3,PK SG ULIR 3,"PAKU SENG ULIR 3"" ERDOS",ERDOS,DOS,MSM,147500,
979,MTR VPR 3,MTR VPR 3,ROLL METER 3 MTR  VPR,VPR,LSN,MSM,65000,
980,CH VALVE 1/2 HS,CH VALVE 1/2 HS,"CHECK VALVE (TUSEN KLEP) 1/2""",HIOSHI,PCS,KBB,0,
981,CH VALVE 3/4 HS,CH VALVE 3/4 HS,"CHECK VALVE (TUSEN KLEP) 3/4""",HIOSHI,PCS,KBB,0,
982,FOOT KL 3/4 HS,FOOT KL 3/4 HS,"FOOT KLEP PRO 3/4"" HIOSHI",HIOSHI,PCS,KBB,0,
983,BT10HSH RUNCING,BT10HSH RUNCING,BETEL TOPI 10 X 16 RUNCING HIOSHI,HIOSHI,PCS,KBB,0,
984,BV PVC 1/2 HS,BV PVC 1/2 HS,"BALL VALVE PVC HD 1/2"" HIOSHI",HIOSHI,PCS,KBB,0,
985,BV PVC 1 HS,BV PVC 1 HS,"BALL VALVE PVC HD 1"" HIOSHI",HIOSHI,PCS,KBB,0,
986,CTK KRT LCP 237 HS,CTK KRT LCP 237 HS,CETOK KARET LANCIP 2-3-7 HIOSHI,HIOSHI,LSN,KBB,0,
987,CTK KRT BLT 247 HS,CTK KRT BLT 247 HS,CETOK KARET BULAT 2-4-7 HIOSHI,HIOSHI,LSN,KBB,0,
988,CATK PP NO2 HS,CATK PP NO2 HS,CATOK PIPA PRO NO.2 (1/2-3.1/2) HS,HIOSHI,PCS,KBB,0,
989,BTAS HD8 HS,BTAS HD8 HS,BATU ASAH HD 8 ORANYE / HITAM HIOSHI,HIOSHI,PCS,KBB,0,
990,CB TIES 100 MC HS,CB TIES 100 MC HS,CABLE TIES 10 X 2.5MM MIX COLOR HIOSHI,HIOSHI,PAK,KBB,0,
991,CB TIES 150 MC HS,CB TIES 150 MC HS,CABLE TIES 15 X 2.5MM MIX COLOR HIOSHI,HIOSHI,PAK,KBB,0,
992,CB TIES 200 MC HS,CB TIES 200 MC HS,CABLE TIES 20 X 2.5MM MIX COLOR HIOSHI,HIOSHI,PAK,KBB,0,
993,CB TIES 250 MC HS,CB TIES 250 MC HS,CABLE TIES 25 X 2.5MM MIX COLOR HIOSHI,HIOSHI,PAK,KBB,0,
994,CB TIES 300 MC HS,CB TIES 300 MC HS,CABLE TIES 30 X 2.5MM MIX COLOR HIOSHI,HIOSHI,PAK,KBB,0,
995,BB EXT 4X80 HS,BB EXT 4X80 HS,BOR BETON EXTREME 4 X 80MM HIOSHI,HIOSHI,PCS,KBB,0,
996,MTR RCH 3 HS,MTR RCH 3 HS,ROLL METER RACHET 3 MTR PLAT HITAM HIOSHI,HIOSHI,LSN,KBB,0,
997,MTR RCH 5 HS,MTR RCH 5 HS,ROLL METER RACHET 5 MTR PLAT HITAM HIOSHI,HIOSHI,LSN,KBB,0,
998,MTR RCH 7.5 HS,MTR RCH 7.5 HS,ROLL METER RACHET 7.5 MTR PLAT HTM HIOSHI,HIOSHI,LSN,KBB,0,
999,GNT SENG HD8 HS,GNT SENG HD8 HS,GUNTING SENG HD 8 HIOSHI,HIOSHI,PCS,KBB,0,
1000,GNT 20CM SG HS,GNT 20CM SG HS,GUNTING KERTAS BESAR 20CM SOFT GRIP HIOSHI,HIOSHI,PCS,KBB,0,
1001,GNT DHN HD9 HS,GNT DHN HD9 HS,GUNTING DAHAN HD 9 GANTUNG HIOSHI,HIOSHI,PCS,KBB,0,
1002,KC RD PLG 16 HS,KC RD PLG 16 HS,"KUNCI RODA PALANG 16"" (PLAT PENGAMAN) HIOSHI",HIOSHI,PCS,KBB,0,
1003,GR BR HD18 HS,GR BR HD18 HS,"GERGAJI BATA RINGAN HD 18"" (GG KAYU) HIOSHI",HIOSHI,LSN,KBB,0,
1004,PL KMB KY HD80Z,PL KMB KY HD80Z,PALU KAMBING KAYU HD 80Z HIOSHI,HIOSHI,PCS,KBB,0,
1005,PL KMB KY HD120Z,PL KMB KY HD120Z,PALU KAMBING KAYU HD 120Z HIOSHI,HIOSHI,PCS,KBB,0,
1006,PL TK KY HD300G,PL TK KY HD300G,PALU TUKANG KAYU HD 300G HIOSHI,HIOSHI,PCS,KBB,0,
1007,PL PON EXT 2LB HS,PL PON EXT 2LB HS,PALU PON EXTREME (FIBER HANDLE) 1KG 2LB,HIOSHI,PCS,KBB,0,
1008,PT GR HD60 HS,PT GR HD60 HS,POTONG GRANIT HD 60CM (TITANIUM),HIOSHI,PCS,KBB,0,
1009,MT PTG HD60CM,MT PTG HD60CM,MATA POTONG HD 60CM (TITANIUM) HIOSHI,HIOSHI,PCS,KBB,0,
1010,TREK 3 KK3 HS,TREK 3 KK3 HS,TREKER 3 KAKI 3 HIOSHI,HIOSHI,PCS,KBB,0,
1011,TREK 3 KK4 HS,TREK 3 KK4 HS,TREKER 3 KAKI 4 HIOSHI,HIOSHI,PCS,KBB,0,
1012,MR KR BR HS,MR KR BR HS,MARKING KRAYON BIRU HIOSHI,HIOSHI,LSN,KBB,0,
1013,TANG BY HD10 LCP,TANG BY HD10 LCP,TANG BUAYA HD10 LAPIS KARET MATA LANCIP,HIOSHI,PCS,KBB,0,
1014,TIMB GNT 150KG,TIMB GNT 150KG,TIMBANGAN GANTUNG ECO 150KG HIJAU HIOSHI,HIOSHI,PCS,KBB,0
